[
  {
    "cid": "Arturo Rey III",
    "real name": [
      "Arturo Gomez III (birth name)",
      "Arturo Rey III"
    ],
    "alias": [
      "El Rey<ref>Translated from Spanish: ''The King''</ref>",
      "El Tercero<ref>Translated from Spanish: ''The Third''</ref>",
      "King Arthur",
      "The Discount Furniture King of Washington Heights"
    ],
    "species": "Human",
    "citizenship": [
      "Dominican",
      "American"
    ],
    "gender": "Male",
    "DOD": "August 2017",
    "affiliation": [
      "Diablos (formerly)",
      "Merlin Discount Furniture"
    ],
    "actor": "Otto Sanchez",
    "status": "Deceased",
    "appearences": [
      {
        "source__title": "Luke Cage (TV series)",
        "source__type": "tv series",
        "notes": "2 episodes"
      }
    ]
  }
]