[
  {
    "cid": "Gert Yorkes",
    "real name": [
      "Gertrude Yorkes"
    ],
    "alias": [
      "Gert Yorkes",
      "Tiger",
      "Insufferable Social Justice Warrior",
      "Arsenic",
      "Stray Pup",
      "Hermana<ref>Translated from Spanish: ''Sister''</ref>",
      "Chase Stein",
      "Muffin",
      "Pumpkin"
    ],
    "species": [
      "Human"
    ],
    "gender": [
      "Female"
    ],
    "DOB": [
      "Early 2001"
    ],
    "age": [
      "18"
    ],
    "citizenship": [
      "American"
    ],
    "affiliation": [
      "Atlas Academy (formerly)",
      "Runaways"
    ],
    "actor": [
      "Ariela Barer"
    ],
    "status": [
      "Alive",
      "Deceased (alternate timeline)"
    ],
    "appearences": [
      {
        "source__title": "Runaways (TV series)",
        "source__type": "tv series",
        "notes": "33 episodes"
      }
    ]
  }
]