[
  {
    "cid": "Bobby Fish",
    "real name": "Bobby Fish",
    "alias": "Cool Daddy Smooth",
    "species": "Human",
    "citizenship": [
      "American"
    ],
    "gender": "Male",
    "actor": "Ron Cephas Jones",
    "status": "Alive",
    "appearences": [
      {
        "source__title": "Luke Cage (TV series)",
        "source__type": "tv series",
        "notes": "13 episodes"
      },
      {
        "source__title": "The Defenders",
        "source__type": "tv series",
        "notes": "mentioned"
      }
    ]
  }
]