[
  {
    "cid": "Bernie Walker",
    "real name": [
      "Bernard Walker"
    ],
    "alias": [
      "Bernie Walker"
    ],
    "species": [
      "Human"
    ],
    "citizenship": [
      "American"
    ],
    "gender": [
      "Male"
    ],
    "actor": [
      "Keenan Jolliff"
    ],
    "status": [
      "Alive"
    ],
    "appearences": [
      {
        "source__title": "Daredevil (TV series)",
        "source__type": "tv series"
      },
      {
        "source__title": "Shadows in the Glass",
        "source__type": "tv series"
      }
    ]
  }
]