[
  {
    "cid": "Esther Falb",
    "real name": "Esther Falb",
    "species": "Human",
    "citizenship": [
      "American"
    ],
    "gender": "Female",
    "DOD": "Late 2017<ref name=\"DD311\">''Daredevil: 3.11: Reunion''</ref><ref>''Daredevil: 3.12: One Last Shot''</ref>",
    "actor": "Lesley Ann Warren",
    "status": "Deceased",
    "appearences": [
      {
        "source__title": "Daredevil (TV series)",
        "source__type": "tv series"
      },
      {
        "source__title": "Reunion (Daredevil)",
        "source__type": "tv series"
      },
      {
        "source__title": "One Last Shot",
        "source__type": "tv series",
        "notes": "mentioned"
      }
    ]
  }
]