[
  {
    "cid": "Darcy Lewis",
    "real name": "Darcy Lewis",
    "alias": [
      "The Glue",
      "Selvig's Lapdog",
      "Science-adjacent"
    ],
    "species": "Human",
    "citizenship": [
      "American"
    ],
    "gender": "Female",
    "affiliation": [
      "Culver University"
    ],
    "actor": "Kat Dennings",
    "status": "Alive",
    "appearences": [
      {
        "source__title": "Thor (film)",
        "source__type": "movie"
      },
      {
        "source__title": "Thor: The Dark World",
        "source__type": "movie"
      },
      {
        "source__title": "WandaVision",
        "source__type": "tv series",
        "notes": "unreleased"
      },
      {
        "source__title": "The Avengers Prelude: Fury's Big Week",
        "source__type": "comic"
      },
      {
        "source__title": "Thor Adaptation",
        "source__type": "comic"
      },
      {
        "source__title": "Thor: The Dark World Prelude",
        "source__type": "comic"
      },
      {
        "source__title": "Thor: Ragnarok Prelude",
        "source__type": "comic"
      }
    ]
  }
]