[
  {
    "cid": "Chester Phillips",
    "real name": "Chester Phillips",
    "species": "Human",
    "citizenship": [
      "American"
    ],
    "gender": "Male",
    "DOB": "December 3, 1876<ref name=\"S.H.I.E.L.D. Files\">S.H.I.E.L.D. Files</ref>",
    "DOD": "1970",
    "title": [
      "Colonel",
      "Founder of S.H.I.E.L.D."
    ],
    "affiliation": [
      "United States Army",
      "*107",
      "SSR",
      "S.H.I.E.L.D."
    ],
    "status": "Deceased",
    "actor": "Tommy Lee Jones",
    "appearences": [
      {
        "source__title": "Captain America: The First Avenger",
        "source__type": "movie"
      },
      {
        "source__title": "Captain America: The Winter Soldier",
        "source__type": "movie",
        "notes": "photograph"
      },
      {
        "source__title": "Marvel One-Shot: Agent Carter",
        "source__type": "oneshot",
        "notes": "mentioned"
      },
      {
        "source__title": "Captain America: First Vengeance",
        "source__type": "comic"
      },
      {
        "source__title": "Captain America: The First Avenger Adaptation",
        "source__type": "comic"
      }
    ]
  }
]