[
  {
    "cid": "Benjamin Poindexter",
    "real name": "Benjamin Poindexter",
    "alias": [
      "Dex",
      "Ben Poindexter",
      "Kiddo",
      "MVP",
      "All Star Pitcher",
      "Showboat",
      "G-Man",
      "Daredevil",
      "Psycho in a Suit",
      "Man Who Attacked the Bulletin",
      "Decorated Agent",
      "New James Wesley",
      "The Impostor",
      "Fake Daredevil"
    ],
    "species": "Human",
    "citizenship": [
      "American"
    ],
    "gender": "Male",
    "affiliation": [
      "Lyndhurst Home for Boys (formerly)",
      "Riviera Psychiatric Institute (formerly)",
      "United States Army (formerly)",
      "Brooklyn Suicide Prevention Center (formerly)",
      "FBI (formerly)",
      "*FBI SWAT (formerly)"
    ],
    "title": "Special Agent (formerly)",
    "actor": [
      "Wilson Bethel",
      "Cameron Mann (young)",
      "Conor Proft (teenager)"
    ],
    "status": "In Custody",
    "appearences": [
      {
        "source__title": "Daredevil (TV series)",
        "source__type": "tv series",
        "notes": "11 episodes"
      }
    ]
  }
]