[
  {
    "cid": "Clive",
    "real name": [
      "Clive"
    ],
    "alias": [
      "Total Creep",
      "Asshole"
    ],
    "species": [
      "Human"
    ],
    "citizenship": [
      "American"
    ],
    "gender": [
      "Male"
    ],
    "actor": [
      "Daniel Firth"
    ],
    "status": [
      "Alive"
    ],
    "appearences": [
      {
        "source__title": "The Punisher",
        "source__type": "tv series"
      },
      {
        "source__title": "Nakazat",
        "source__type": "tv series"
      }
    ]
  }
]