[
  {
    "cid": "Andrew Garner (Framework)",
    "real name": [
      "Andrew Garner"
    ],
    "species": [
      "Artificial Intelligence"
    ],
    "gender": [
      "Male"
    ],
    "affiliation": [
      "S.H.I.E.L.D."
    ],
    "DOD": [
      "2017"
    ],
    "voice actor": [
      "Blair Underwood"
    ],
    "status": [
      "Deleted"
    ],
    "appearences": [
      {
        "source__title": "Agents of S.H.I.E.L.D.",
        "source__type": "tv series"
      },
      {
        "source__title": "Wake Up",
        "source__type": "tv series",
        "notes": "voice only"
      }
    ]
  }
]