[
  {
    "cid": "Andre Compton",
    "real name": [
      "Andre Compton"
    ],
    "species": [
      "Human"
    ],
    "citizenship": [
      "American"
    ],
    "gender": [
      "Male"
    ],
    "DOD": [
      "December 2017<ref>''Runaways: 1.07: Refraction''</ref><ref>''Runaways: 1.09: Doomsday''</ref><ref name=\"R102\">''Runaways: 1.02: Rewind''</ref>"
    ],
    "affiliation": [
      "Crips"
    ],
    "actor": [
      "Nathan Davis Jr."
    ],
    "status": [
      "Deceased"
    ],
    "appearences": [
      {
        "source__title": "Runaways (TV series)",
        "source__type": "tv series",
        "notes": "2 episodes"
      }
    ]
  }
]