[
  {
    "cid": "Adamo Dioli",
    "real name": "Adamo Dioli",
    "alias": "",
    "species": "Human",
    "citizenship": [
      "Italian"
    ],
    "gender": "Male",
    "DOD": "2015",
    "affiliation": [
      "United Nations"
    ],
    "actor": "Joe Marinelli",
    "status": "Deceased",
    "appearences": [
      {
        "source__title": "Agents of S.H.I.E.L.D.",
        "source__type": "tv series"
      },
      {
        "source__title": "A Fractured House",
        "source__type": "tv series"
      }
    ]
  }
]