[
  {
    "cid": "Ernst Mueller",
    "real name": [
      "Ernst Mueller"
    ],
    "alias": [],
    "species": [
      "Human"
    ],
    "citizenship": [
      "Nazi German"
    ],
    "gender": [
      "Male"
    ],
    "title": [
      "Colonel (formerly)"
    ],
    "affiliation": [
      "Wehrmacht (formerly)"
    ],
    "actor": [
      "Jack Conley"
    ],
    "DOD": [
      "April 23, 1946"
    ],
    "status": [
      "Deceased"
    ],
    "appearences": [
      {
        "source__title": "Agent Carter (TV series)",
        "source__type": "tv series"
      },
      {
        "source__title": "The Blitzkrieg Button",
        "source__type": "tv series"
      },
      {
        "source__title": "The Iron Ceiling",
        "source__type": "tv series",
        "notes": "mentioned"
      }
    ]
  }
]