[
  {
    "cid": "Danny Rand",
    "real name": [
      "Daniel Thomas Rand"
    ],
    "alias": [
      "Danny Rand",
      "Iron Fist",
      "Daniel Rand-K'ai",
      "The Danny Rand Wannabe",
      "John Anderson",
      "Protector of K'un-Lun",
      "Destroyer of the Hand",
      "The Living Weapon",
      "Crazy Piece of Shit",
      "Monastery Boy",
      "Xiaoguilao<ref>Translated from Chinese: ''Young Foreigner''</ref>",
      "Tarzan",
      "Insane Homeless Acrobat",
      "Talented Bodyguard",
      "Corporate Hero",
      "Rich Kid from the Upper West Side",
      "Child Touched by Fire",
      "Guardian of the Gate",
      "The Immortal Weapon",
      "Protector of K'un-Lun",
      "The Worst Iron Fist",
      "Sack Man",
      "Danny Boy",
      "The Kid With A Glowing Fist",
      "Skinny White Kid",
      "Billionaire White Boy",
      "Karate Kid",
      "Boy Billionaire",
      "The Fist",
      "Protector of the Ancient City",
      "The Dumbest Iron Fist",
      "The Key to Life",
      "The Kid",
      "The Billionaire",
      "Ironclad",
      "The Barefoot Billionaire",
      "Steve Jobs",
      "The Man Changing The Game",
      "Little Brother",
      "Protector of Chinatown",
      "Clown",
      "Some Guy With A Glowing Fist",
      "Sunshine",
      "Blondie",
      "Blond Friend",
      "The Weak-Willed Pretender"
    ],
    "species": [
      "Human"
    ],
    "citizenship": [
      "American",
      "K'un-Lunan (formerly)"
    ],
    "gender": [
      "Male"
    ],
    "title": [
      "The Immortal Iron Fist",
      "Co-CEO of Rand Enterprises"
    ],
    "DOB": [
      "April 1, 1991"
    ],
    "age": [
      "28"
    ],
    "affiliation": [
      "The Bombers (formerly)",
      "Order of the Crane Mother",
      "Rand Enterprises",
      "Chikara Dojo (formerly)",
      "Defenders (formerly)",
      "Royal Al Moving (formerly)"
    ],
    "actor": [
      "Finn Jones",
      "Toby Nichols (young)",
      "Jeremy Lanuti (young)"
    ],
    "status": [
      "Alive"
    ],
    "appearences": [
      {
        "source__title": "Jessica Jones (TV series)",
        "source__type": "tv series",
        "notes": "mentioned"
      },
      {
        "source__title": "Luke Cage (TV series)",
        "source__type": "tv series",
        "notes": "1 episode"
      },
      {
        "source__title": "Iron Fist (TV series)",
        "source__type": "tv series",
        "notes": "23 episodes"
      },
      {
        "source__title": "The Defenders",
        "source__type": "tv series",
        "notes": "8 episodes"
      },
      {
        "source__title": "Cloak & Dagger",
        "source__type": "tv series",
        "notes": "mentioned"
      }
    ]
  }
]