[
  {
    "cid": "Alex Doobin",
    "real name": [
      "Alex Doobin"
    ],
    "species": [
      "Human"
    ],
    "citizenship": [
      "American"
    ],
    "gender": [
      "Male"
    ],
    "affiliation": [
      "SSR"
    ],
    "actor": [
      "Kevin Cotteleer"
    ],
    "status": [
      "Alive"
    ],
    "appearences": [
      {
        "source__title": "Agent Carter (TV series)",
        "source__type": "tv series"
      },
      {
        "source__title": "The Blitzkrieg Button",
        "source__type": "tv series"
      },
      {
        "source__title": "Snafu",
        "source__type": "tv series"
      }
    ]
  }
]