[
  {
    "cid": "Destiny Gonzalez",
    "real name": [
      "Destiny Gonzalez"
    ],
    "alias": [
      "Desty Hobbs",
      "Gloria Hollings"
    ],
    "species": [
      "Human"
    ],
    "DOB": [
      "December 1999"
    ],
    "DOD": [
      "December 8, 2017"
    ],
    "gender": [
      "Female"
    ],
    "affiliation": [
      "Church of Gibborim"
    ],
    "status": [
      "Deceased"
    ],
    "actor": [
      "Nicole Wolf"
    ],
    "appearences": [
      {
        "source__title": "Runaways (TV series)",
        "source__type": "tv series",
        "notes": "5 episodes"
      }
    ]
  }
]