[
  {
    "cid": "Eric Ambrose",
    "real name": [
      "Eric Ambrose"
    ],
    "alias": [],
    "species": [
      "Human"
    ],
    "citizenship": [
      "American"
    ],
    "gender": [
      "Male"
    ],
    "affiliation": [],
    "actor": [
      "Abraham D. Juste"
    ],
    "status": [
      "Alive"
    ],
    "appearences": [
      {
        "source__title": "Jessica Jones (TV series)",
        "source__type": "tv series"
      },
      {
        "source__title": "AKA Facetime",
        "source__type": "tv series"
      }
    ]
  }
]