[
  {
    "cid": "Crixon",
    "real name": "Crixon",
    "alias": "",
    "species": "Astran",
    "citizenship": [
      ""
    ],
    "gender": "Male",
    "DOD": "Spring 2018<ref>''Agents of S.H.I.E.L.D.: 5.08: The Last Day''</ref><ref>[https://www.youtube.com/watch?v=9UqrlizXWIM&t=2015s ''Cloak & Dagger'' SDCC 2018 Panel]</ref><ref>''Spider-Man: Far From Home''</ref>",
    "title": "",
    "affiliation": [
      "Confederacy"
    ],
    "actor": "Gabriel Hogan",
    "status": "Deceased",
    "appearences": [
      {
        "source__title": "Agents of S.H.I.E.L.D.",
        "source__type": "tv series"
      },
      {
        "source__title": "The One Who Will Save Us All",
        "source__type": "tv series"
      }
    ]
  }
]