[
  {
    "cid": "Fandral",
    "real name": "Fandral",
    "alias": [
      "Fandral the Dashing",
      "Robin Hood"
    ],
    "species": "Asgardian",
    "citizenship": [
      "Asgardian"
    ],
    "gender": "Male",
    "age": "Over one thousand years",
    "DOD": "Late 2017",
    "affiliation": [
      "Warriors Three"
    ],
    "actor": [
      "Zachary Levi",
      "Joshua Dallas"
    ],
    "voice actor": "Vinnie Penna",
    "status": "Deceased",
    "appearences": [
      {
        "source__title": "Thor (film)",
        "source__type": "movie"
      },
      {
        "source__title": "Thor: The Dark World",
        "source__type": "movie"
      },
      {
        "source__title": "Thor: Ragnarok",
        "source__type": "movie"
      },
      {
        "source__title": "Thor, The Mighty Avenger",
        "source__type": "comic"
      },
      {
        "source__title": "Thor Adaptation",
        "source__type": "comic"
      },
      {
        "source__title": "Thor: The Dark World Prelude",
        "source__type": "comic"
      },
      {
        "source__title": "Thor: Crown of Fools",
        "source__type": "comic"
      },
      {
        "source__title": "Thor: Ragnarok Prelude",
        "source__type": "comic"
      }
    ]
  }
]