[
  {
    "cid": "Dale Yorkes",
    "real name": [
      "Dale Sheldon Yorkes"
    ],
    "alias": [
      "Adorkable PRIDE Dad",
      "Cold-Blooded Serial Killer",
      "The Definition of a Psychopath",
      "Dale the Fail"
    ],
    "title": [
      "Co-Leader of Synnergy"
    ],
    "species": [
      "Human"
    ],
    "gender": [
      "Male"
    ],
    "affiliation": [
      "Synnergy",
      "PRIDE"
    ],
    "actor": [
      "Kevin Weisman"
    ],
    "status": [
      "Alive"
    ],
    "appearences": [
      {
        "source__title": "Runaways (TV series)",
        "source__type": "tv series",
        "notes": "30 episodes"
      }
    ]
  }
]