[
  {
    "cid": "Angie Martinelli",
    "real name": [
      "Angela Martinelli"
    ],
    "alias": [
      "Angie Martinelli"
    ],
    "species": [
      "Human"
    ],
    "citizenship": [
      "American"
    ],
    "gender": [
      "Female"
    ],
    "affiliation": [
      "L&L Automat"
    ],
    "actor": [
      "Lyndsy Fonseca"
    ],
    "status": [
      "Alive"
    ],
    "appearences": [
      {
        "source__title": "Agent Carter (TV series)",
        "source__type": "tv series",
        "notes": "6 episodes"
      }
    ]
  }
]