[
  {
    "cid": "Eileen Mercer",
    "real name": [
      "Eileen Mercer"
    ],
    "species": [
      "Human"
    ],
    "title": [
      "Doctor"
    ],
    "citizenship": [
      "American"
    ],
    "gender": [
      "Female"
    ],
    "affiliation": [
      "Riviera Psychiatric Institute"
    ],
    "actor": [
      "Heidi Armbruster"
    ],
    "status": [
      "Deceased"
    ],
    "appearences": [
      {
        "source__title": "Daredevil (TV series)",
        "source__type": "tv series"
      },
      {
        "source__title": "The Perfect Game",
        "source__type": "tv series"
      }
    ]
  }
]