[
  {
    "cid": "Calvin Zabo",
    "real name": [
      "Calvin L. Johnson"
    ],
    "alias": [
      "Calvin Zabo<ref name=\"MCUGB_AoS2\">Guidebook to the Marvel Cinematic Universe - Marvel's Agents of S.H.I.E.L.D. Season Two</ref>",
      "Cal",
      "Monster",
      "Murderer",
      "Lunatic",
      "The Doctor",
      "Daddy Dearest",
      "Winslow"
    ],
    "species": [
      "Human"
    ],
    "citizenship": [
      "American"
    ],
    "DOD": [
      "May 2015 (revived)"
    ],
    "gender": [
      "Male"
    ],
    "affiliation": [
      "Doctors Without Borders (formerly)",
      "Slicing Talons (formerly)"
    ],
    "actor": [
      "Kyle MacLachlan"
    ],
    "status": [
      "Alive"
    ],
    "title": [
      "Doctor"
    ],
    "appearences": [
      {
        "source__title": "Agents of S.H.I.E.L.D.",
        "source__type": "tv series",
        "notes": "14 episodes"
      }
    ]
  }
]