[
  {
    "cid": "Darius Jones",
    "real name": [
      "Darius Jones"
    ],
    "alias": [
      "Comanche",
      "Che",
      "Jailbird Homeboy",
      "Dirty Ass Snitch"
    ],
    "species": [
      "Human"
    ],
    "citizenship": [
      "American"
    ],
    "gender": [
      "Male"
    ],
    "DOD": [
      "August 29, 2017"
    ],
    "affiliation": [
      "Rivals (formerly)",
      "Stokes Crime Family"
    ],
    "actor": [
      "Thomas Q. Jones"
    ],
    "status": [
      "Deceased"
    ],
    "appearences": [
      {
        "source__title": "Luke Cage (TV series)",
        "source__type": "tv series",
        "notes": "10 episodes"
      }
    ]
  }
]