[
  {
    "cid": "Dontrell Hamilton",
    "real name": [
      "Dontrell Hamilton"
    ],
    "alias": [
      "Cockroach",
      "Mr. Roach",
      "Uncouth N*gga",
      "Ignorant Bastard"
    ],
    "species": [
      "Human"
    ],
    "citizenship": [
      "American"
    ],
    "gender": [
      "Male"
    ],
    "DOD": [
      "August 2017<ref>''Luke Cage: 2.11: The Creator''</ref><ref>[https://www.bustle.com/p/why-infinity-war-hasnt-changed-any-marvel-netflix-shows-yet-according-to-jeph-loeb-9555046 Why ''Infinity War'' Hasn't Changed Any Marvel Netflix Shows - Yet - According to Jeph Loeb]</ref>"
    ],
    "actor": [
      "Dorian Crossmond Missick"
    ],
    "status": [
      "Deceased"
    ],
    "appearences": [
      {
        "source__title": "Luke Cage (TV series)",
        "source__type": "tv series",
        "notes": "4 episodes"
      }
    ]
  }
]