[
  {
    "cid": "Auran",
    "real name": "Auran",
    "alias": "The Assassin",
    "species": "Inhuman",
    "citizenship": [
      "Attilan"
    ],
    "gender": "Female",
    "title": "Captain of the Attilan Royal Guard",
    "affiliation": [
      "Attilan Royal Guard"
    ],
    "actor": "Sonya Balmores",
    "status": "Alive",
    "appearences": [
      {
        "source__title": "Inhumans (TV series)",
        "source__type": "tv series",
        "notes": "8 episodes"
      }
    ]
  }
]