[
  {
    "cid": "Gennady Markov",
    "real name": [
      "Gennady Markov"
    ],
    "alias": [],
    "species": [
      "Human"
    ],
    "citizenship": [
      "Russian"
    ],
    "gender": [
      "Male"
    ],
    "title": [
      "Agent"
    ],
    "affiliation": [
      "S.H.I.E.L.D."
    ],
    "actor": [],
    "status": [
      "Deceased"
    ],
    "DOD": [
      " Early 2012"
    ],
    "appearences": [
      {
        "source__title": "The Avengers Prelude: Black Widow Strikes",
        "source__type": "comic"
      }
    ]
  }
]