[
  {
    "cid": "Amber",
    "real name": [
      "Amber"
    ],
    "species": [
      "Human"
    ],
    "citizenship": [
      "American"
    ],
    "gender": [
      "Female"
    ],
    "actor": [
      "Christina Shea-Wright"
    ],
    "status": [
      "Alive"
    ],
    "appearences": [
      {
        "source__title": "Jessica Jones (TV series)",
        "source__type": "tv series"
      },
      {
        "source__title": "AKA Freak Accident",
        "source__type": "tv series"
      }
    ]
  }
]