[
  {
    "cid": "Crystal",
    "real name": [
      "Crystalia Amaquelin"
    ],
    "alias": [
      "Crystal",
      "The Princess",
      "God of Thunder"
    ],
    "species": [
      "Inhuman"
    ],
    "citizenship": [
      "Attilan"
    ],
    "gender": [
      "Female"
    ],
    "title": [
      "Princess"
    ],
    "affiliation": [
      "Inhuman Royal Family"
    ],
    "actor": [
      "Isabelle Cornish",
      "Leila Bootsma (young)"
    ],
    "status": [
      "Alive"
    ],
    "appearences": [
      {
        "source__title": "Inhumans (TV series)",
        "source__type": "tv series",
        "notes": "8 episodes"
      }
    ]
  }
]