[
  {
    "cid": "Catherine Wilder",
    "real name": [
      "Catherine Henderson (nubile)",
      "Catherine Wilder"
    ],
    "alias": [
      "Cat",
      "Tenderoni Lawyer",
      "Amy Bradner",
      "Pantsuit"
    ],
    "species": [
      "Human"
    ],
    "gender": [
      "Female"
    ],
    "citizenship": [
      "American"
    ],
    "affiliation": [
      "PRIDE"
    ],
    "DOD": [],
    "actor": [
      "Angel Parker"
    ],
    "status": [
      "Deceased"
    ],
    "appearences": [
      {
        "source__title": "Runaways (TV series)",
        "source__type": "tv series",
        "notes": "25 episodes"
      }
    ]
  }
]