[
  {
    "cid": "Burrows",
    "real name": [
      "Burrows"
    ],
    "alias": [
      "Smithers"
    ],
    "species": [
      "Human"
    ],
    "citizenship": [
      "American"
    ],
    "gender": [
      "Male"
    ],
    "DOD": [
      "April 16, 2017<ref name=\"AoS410\"/>"
    ],
    "title": [
      "Agent of S.H.I.E.L.D."
    ],
    "affiliation": [
      "S.H.I.E.L.D."
    ],
    "actor": [
      "Patrick Cavanaugh"
    ],
    "status": [
      "Deceased"
    ],
    "appearences": [
      {
        "source__title": "Agents of S.H.I.E.L.D.",
        "source__type": "tv series",
        "notes": "7 episodes"
      },
      {
        "source__title": "Agents of S.H.I.E.L.D.: Slingshot",
        "source__type": "web series",
        "notes": "mentioned"
      }
    ]
  }
]