[
  {
    "cid": "Berkowitz",
    "real name": [
      "Berkowitz"
    ],
    "species": [
      "Huamn"
    ],
    "citizenship": [
      "American"
    ],
    "gender": [
      "Male"
    ],
    "title": [
      "CEO"
    ],
    "actor": [
      "Simon Feil"
    ],
    "status": [
      "Alive"
    ],
    "appearences": [
      {
        "source__title": "The Defenders",
        "source__type": "tv series"
      },
      {
        "source__title": "The H Word",
        "source__type": "tv series"
      }
    ]
  }
]