[
  {
    "cid": "Black Mariah",
    "real name": [
      "Mariah Stokes (maiden name)",
      "Mariah Dillard"
    ],
    "alias": [
      "Black Mariah",
      "Little May",
      "Madam Councilwoman",
      "Cuz",
      "Empty Politician",
      "Criminal Spinster",
      "Baby Girl",
      "Mama Harlem",
      "Madam Inmate",
      "Aunt",
      "Ms. N***a",
      "HRH Mariah",
      "Her Royal Highness",
      "May May",
      "Black Mariah Trump",
      "Stubborn Old Bitch",
      "May",
      "The Devil Made Flesh",
      "Flamboyant Former Councilwoman",
      "The Gun Lady of Harlem",
      "Satan's Niece",
      "Councilwoman of Harlem",
      "Old Bitch",
      "Millionaire Philanthropist",
      "Criminal Godmother",
      "Moolie",
      "The Head N***a in Charge",
      "The Witch",
      "Infamous Harlem Matriarch",
      "The Last Stokes"
    ],
    "title": [
      "Councilwoman (formerly)"
    ],
    "species": [
      "Human"
    ],
    "citizenship": [
      "American"
    ],
    "gender": [
      "Female"
    ],
    "DOD": [
      "September 2017"
    ],
    "affiliation": [
      "New York City Council (formerly)",
      "New Harlem Renaissance",
      "Family First Initiative",
      "Stokes Crime Family",
      "Harlem's Paradise (formerly)"
    ],
    "actor": [
      "Alfre Woodard",
      "Megan Miller (young)",
      "Toree Alexandre (young)"
    ],
    "status": [
      "Deceased"
    ],
    "appearences": [
      {
        "source__title": "Luke Cage (TV series)",
        "source__type": "tv series",
        "notes": "23 episodes"
      },
      {
        "source__title": "The Defenders",
        "source__type": "tv series",
        "notes": "mentioned"
      }
    ]
  }
]