[
  {
    "cid": "Chan Ho Yin",
    "real name": [
      "Chan Ho Yin"
    ],
    "alias": [
      "Scorch"
    ],
    "species": [
      "Human"
    ],
    "citizenship": [
      "Chinese"
    ],
    "affiliation": [
      "HYDRA (formerly)"
    ],
    "gender": [
      "Male"
    ],
    "DOD": [
      "2013"
    ],
    "actor": [
      "Louis Ozawa Changchien"
    ],
    "status": [
      "Deceased"
    ],
    "appearences": [
      {
        "source__title": "Agents of S.H.I.E.L.D.",
        "source__type": "tv series",
        "notes": "1 episode"
      }
    ]
  }
]