[
  {
    "cid": "Alisa Jones",
    "real name": [
      "Alisa Campbell (maiden name)",
      "Alisa Jones"
    ],
    "alias": [
      "Laura Patterson",
      "Powered Girlfriend",
      "Monster",
      "Meat Monster",
      "Rage Monster",
      "Leslie Hansen",
      "Les",
      "The Killer",
      "Inmate 46592",
      "The Inmate",
      "Crazy Fan",
      "Mummy",
      "Mum",
      "Powered Killer",
      "Unidentified Powered Woman"
    ],
    "species": [
      "Human"
    ],
    "citizenship": [
      "American"
    ],
    "gender": [
      "Female"
    ],
    "age": [
      "61"
    ],
    "DOB": [
      "Early 1956<ref>''Jessica Jones: 1.13: AKA Sole Survivor''</ref><ref>''Jessica Jones: 1.12: AKA Take a Bloody Number''</ref>"
    ],
    "DOD": [
      "Mid-2017<ref>''Jessica Jones: 2.01: AKA Start at the Beginning''</ref><ref>''Jessica Jones: 2.04: AKA God Help the Hobo''</ref>"
    ],
    "actor": [
      "Miriam Shor (before accident)",
      "Janet McTeer (after accident)"
    ],
    "status": [
      "Deceased"
    ],
    "appearences": [
      {
        "source__title": "Jessica Jones (TV series)",
        "source__type": "tv series",
        "notes": "12 episodes"
      }
    ]
  }
]