[
  {
    "cid": "Alphonso Mackenzie (Life-Model Decoy)",
    "alias": [
      "Alphonso Mackenzie",
      "Killer Androids (with the other LMDs)"
    ],
    "species": "Life-Model Decoy",
    "gender": "Male (masculine programming and voice)",
    "age": "1 Day",
    "DOB": "April 2017",
    "DOD": "April 2017",
    "affiliation": [
      "Holden Radcliffe",
      "Aida",
      "S.H.I.E.L.D. (undercover)"
    ],
    "status": "Destroyed",
    "actor": "Henry Simmons",
    "appearences": [
      {
        "source__title": "Agents of S.H.I.E.L.D.",
        "source__type": "tv series"
      },
      {
        "source__title": "The Man Behind the Shield",
        "source__type": "tv series"
      },
      {
        "source__title": "Self Control",
        "source__type": "tv series"
      },
      {
        "source__title": "Identity and Change",
        "source__type": "tv series",
        "notes": "mentioned"
      }
    ]
  }
]