[
  {
    "cid": "Aida",
    "real name": [
      "Artificially Intelligent Digital Assistant"
    ],
    "alias": [
      "Aida",
      "Ophelia",
      "Madame Hydra",
      "Crazy Robot Lady",
      "Kroshka<ref>''Translates from Russian to \"Baby\"''</ref>",
      "Vanishing Banshee",
      "Sadistic Witch"
    ],
    "species": [
      "Life-Model Decoy (formerly)"
    ],
    "citizenship": [],
    "gender": [
      "Female"
    ],
    "affiliation": [
      "HYDRA (Framework;formerly)"
    ],
    "title": [
      "Director of HYDRA (Framework; formerly)"
    ],
    "actor": [
      "Mallory Jansen"
    ],
    "voice actor": [
      "Amanda Rea"
    ],
    "DOB": [
      "December 2016 (First LMD)",
      "March 2017 (Second LMD)",
      "May 2017 (organic form)"
    ],
    "DOD": [
      "April 13, 2017 (First LMD)",
      " May 2017 (Second LMD)",
      "May 2017 (organic form)"
    ],
    "status": [
      "Destroyed (First LMD)",
      "Destroyed (Second LMD)",
      "Deceased (organic form)"
    ],
    "appearences": [
      {
        "source__title": "Agents of S.H.I.E.L.D.",
        "source__type": "tv series",
        "notes": "20 episodes"
      }
    ]
  }
]