[
  {
    "cid": "Ghost Rider",
    "real name": "Roberto Reyes",
    "alias": [
      "Robbie Reyes",
      "Ghost Rider",
      "Serial Killer",
      "The Rider",
      "Fire-Headed Inhuman",
      "Carrot Top",
      "Guy With a Flaming Head",
      "The Man on Fire",
      "Matchstick Guy",
      "Fire Dude",
      "The Other One",
      "Burning Man",
      "Matchstick",
      "Flame-Headed Demon"
    ],
    "species": "Human",
    "citizenship": [
      "American"
    ],
    "gender": "Male",
    "DOD": "Early 2012 (later resurrected)",
    "affiliation": [
      "Garfield High School (formerly)",
      "Canelo's Auto and Body (formerly)"
    ],
    "actor": "Gabriel Luna",
    "status": "Alive",
    "appearences": [
      {
        "source__title": "Agents of S.H.I.E.L.D.",
        "source__type": "tv series",
        "notes": "10 episodes"
      }
    ]
  }
]