[
  {
    "cid": "Chantelle Fusilier",
    "real name": [
      "Chantelle Fusilier"
    ],
    "alias": [
      "Auntie Chantelle"
    ],
    "species": [
      "Human"
    ],
    "citizenship": [
      "American"
    ],
    "gender": [
      "Female"
    ],
    "DOD": [
      "November 1, 2017<ref>''Cloak & Dagger: 2.03: Shadow Selves''</ref>"
    ],
    "affiliation": [
      "Damballah Voodoo Tours & Shop"
    ],
    "actor": [
      "Angela M. Davis"
    ],
    "status": [
      "Deceased"
    ],
    "appearences": [
      {
        "source__title": "Cloak & Dagger",
        "source__type": "tv series",
        "notes": "9 episodes"
      }
    ]
  }
]