[
  {
    "cid": "Cole Miller",
    "real name": [
      "Cole Miller"
    ],
    "species": [
      "Human"
    ],
    "citizenship": [
      "American"
    ],
    "gender": [
      "Male"
    ],
    "actor": [
      "J. Mallory McCree"
    ],
    "status": [
      "Deceased"
    ],
    "appearences": [
      {
        "source__title": "Luke Cage (TV series)",
        "source__type": "tv series",
        "notes": "indirectly mentioned"
      },
      {
        "source__title": "The Defenders",
        "source__type": "tv series"
      }
    ]
  }
]