[
  {
    "cid": "Davos",
    "real name": [
      "Davos"
    ],
    "alias": [
      "Second Best",
      "Brother",
      "Fool",
      "Mystery Man",
      "Davis",
      "Danton",
      "David",
      "Dayvos",
      "Arrogant Prick",
      "Immortal Iron Fist",
      "Iron Fist",
      "Dude with a Glowing Fist",
      "Sick Bastard",
      "Vegetarian That Kills People",
      "Lunatic",
      "Murdering Psychopath",
      "The Boss",
      "Paragon of Virtue",
      "Last Son of K'un-Lun"
    ],
    "species": [
      "Human"
    ],
    "citizenship": [
      "K'un-Lunan"
    ],
    "gender": [
      "Male"
    ],
    "age": [
      "28-29"
    ],
    "DOB": [
      "1990-1991"
    ],
    "title": [
      "The Immortal Iron Fist (formerly)",
      "Shifu (formerly)"
    ],
    "affiliation": [
      "Order of the Crane Mother (formerly)",
      "Ryhno's Gang (formerly)"
    ],
    "actor": [
      "Sacha Dhawan",
      "Shiv Pai (young)"
    ],
    "status": [
      "In Custody"
    ],
    "appearences": [
      {
        "source__title": "Iron Fist (TV series)",
        "source__type": "tv series",
        "notes": "15 episodes"
      }
    ]
  }
]