[
  {
    "cid": "Edwin Abbott",
    "real name": "Edwin Abbott",
    "alias": "",
    "species": "Human",
    "citizenship": [
      "American"
    ],
    "gender": "Male",
    "affiliation": [
      ""
    ],
    "actor": "Wolfgang Bodison",
    "DOD": "April 2016",
    "status": "Deceased",
    "appearences": [
      {
        "source__title": "Agents of S.H.I.E.L.D.",
        "source__type": "tv series"
      },
      {
        "source__title": "Spacetime",
        "source__type": "tv series"
      }
    ]
  }
]