[
  {
    "cid": "Algrim",
    "real name": [
      "Algrim"
    ],
    "alias": [
      "Kurse",
      "Algrim the Strong",
      "The Last of the Kursed",
      "Monster"
    ],
    "species": [
      "Dark Elf"
    ],
    "citizenship": [
      "Svartálfar"
    ],
    "gender": [
      "Male"
    ],
    "DOD": [
      "November 14, 2013<ref name=\"TTDW\"/><ref>Erik Selvig release papers on \"14/11/13\"</ref>"
    ],
    "actor": [
      "Adewale Akinnuoye-Agbaje"
    ],
    "voice actor": [
      "Dennis Carnegie"
    ],
    "status": [
      "Deceased"
    ],
    "appearences": [
      {
        "source__title": "Thor: The Dark World",
        "source__type": "movie"
      },
      {
        "source__title": "Thor: Ragnarok",
        "source__type": "movie",
        "notes": "indirectly mentioned"
      },
      {
        "source__title": "Avengers: Infinity War",
        "source__type": "movie",
        "notes": "mentioned"
      },
      {
        "source__title": "Avengers: Endgame",
        "source__type": "movie",
        "notes": " (indirectly mentioned)"
      },
      {
        "source__title": "Thor: Ragnarok Prelude",
        "source__type": "comic"
      },
      {
        "source__title": "Avengers: Endgame Prelude",
        "source__type": "comic",
        "notes": "mentioned"
      }
    ]
  }
]