[
  {
    "cid": "Claire Wise",
    "real name": [
      "Claire Wise"
    ],
    "species": [
      "Human"
    ],
    "citizenship": [
      "American"
    ],
    "gender": [
      "Female"
    ],
    "affiliation": [
      "S.H.I.E.L.D."
    ],
    "title": [
      "Assistant of Felix Blake"
    ],
    "actor": [
      "Lizzy Caplan"
    ],
    "status": [
      "Alive"
    ],
    "appearences": [
      {
        "source__title": "Marvel One-Shot: Item 47",
        "source__type": "oneshot"
      }
    ]
  }
]