[
  {
    "cid": "Alex Wilder",
    "real name": [
      "Alex Wilder"
    ],
    "alias": [
      "Young Homie",
      "Al",
      "Little Homie",
      "New Andre",
      "My Boy",
      "America's Most Wanted",
      "Asshole",
      "August Bradner",
      "Alvin",
      "Mini-Wilder",
      "Little Wilder",
      "Mini-Hoodlum",
      "NPC",
      "Little Shit",
      "Teenage Idiot",
      "TARDIS-Loving Dork",
      "Skinny Nerd"
    ],
    "species": [
      "Human"
    ],
    "citizenship": [
      "American"
    ],
    "gender": [
      "Male"
    ],
    "DOB": [
      "Early 2001"
    ],
    "affiliation": [
      "Atlas Academy (formerly)",
      "Runaways",
      "Wilder Innovators (alternate timeline)"
    ],
    "actor": [
      "Rhenzy Feliz"
    ],
    "status": [
      "Alive",
      "Deceased (alternate self from 2028)"
    ],
    "appearences": [
      {
        "source__title": "Runaways (TV series)",
        "source__type": "tv series",
        "notes": "32 episodes"
      }
    ]
  }
]