[
  {
    "cid": "Graciela Aguirre",
    "real name": [
      "Graciela Aguirre"
    ],
    "alias": [
      "Bond Villain"
    ],
    "species": [
      "Human"
    ],
    "citizenship": [],
    "gender": [
      "Female"
    ],
    "age": [
      "53"
    ],
    "DOB": [
      "April 23, 1964<ref name=\"R201\">''Runaways: 2.01: Gimmie Shelter''</ref>"
    ],
    "DOD": [
      "December 2017<ref>''Runaways: 1.07: Refraction''</ref><ref>''Runaways: 1.09: Doomsday''</ref><ref>''Runaways: 1.02: Rewind''</ref>"
    ],
    "affiliation": [],
    "actor": [
      "Marlene Forte"
    ],
    "status": [
      "Deceased"
    ],
    "appearences": [
      {
        "source__title": "Runaways (TV series)",
        "source__type": "tv series",
        "notes": "3 episodes"
      }
    ]
  }
]