[
  {
    "cid": "Erik Stevens",
    "real name": [
      "N'Jadaka (birth name)",
      "Erik Stevens (legal name)"
    ],
    "alias": [
      "Killmonger",
      "Boy",
      "Charlatan",
      "Outsider",
      "Crazy American",
      "American Black Operative",
      "Son of Prince N'Jobu",
      "Descendant of N'Jobu",
      "Monster",
      "New King"
    ],
    "species": [
      "Human"
    ],
    "citizenship": [
      "American",
      "Wakandan"
    ],
    "affiliation": [
      "United States Naval Academy (formerly)",
      "MIT (formerly)",
      "United States Navy SEALs (formerly)",
      "Golden Tribe",
      "Tribal Council"
    ],
    "gender": [
      "Male"
    ],
    "DOD": [
      "July 2016"
    ],
    "status": [
      "Deceased"
    ],
    "title": [
      "King of Wakanda",
      "Black Panther"
    ],
    "actor": [
      "Michael B. Jordan",
      "Seth Carr (young)"
    ],
    "appearences": [
      {
        "source__title": "Black Panther (film)",
        "source__type": "movie"
      }
    ]
  }
]