[
  {
    "cid": "Black Sky",
    "real name": [],
    "alias": [
      "Black Sky",
      "The Bringer of Shadows"
    ],
    "species": [
      "Human"
    ],
    "citizenship": [
      "Japanese"
    ],
    "gender": [
      "Male"
    ],
    "actor": [
      "Bonale Fambrini"
    ],
    "status": [
      "Deceased"
    ],
    "appearences": [
      {
        "source__title": "Daredevil (TV series)",
        "source__type": "tv series"
      },
      {
        "source__title": "Stick (episode)",
        "source__type": "tv series"
      }
    ]
  }
]