[
  {
    "cid": "Cameron Klein",
    "real name": [
      "Cameron Klein"
    ],
    "species": [
      "Human"
    ],
    "citizenship": [
      "American"
    ],
    "gender": [
      "Male"
    ],
    "title": [
      "Agent of S.H.I.E.L.D. (formerly)"
    ],
    "affiliation": [
      "S.H.I.E.L.D. (formerly)",
      "*Theta Protocol (formerly)",
      "Nick Fury's Crew"
    ],
    "actor": [
      "Aaron Himelstein"
    ],
    "status": [
      "Alive"
    ],
    "appearences": [
      {
        "source__title": "Captain America: The Winter Soldier",
        "source__type": "movie"
      },
      {
        "source__title": "Avengers: Age of Ultron",
        "source__type": "movie"
      },
      {
        "source__title": "Avengers: Infinity War",
        "source__type": "movie",
        "notes": "mentioned"
      },
      {
        "source__title": "Captain America: Civil War Prelude",
        "source__type": "comic"
      },
      {
        "source__title": "Captain Marvel Prelude",
        "source__type": "comic"
      }
    ]
  }
]