[
  {
    "cid": "Black Widow",
    "real name": [
      "Natalia Alianovna Romanoff<ref name=\"CATWS\"/><!-- Please do not change again -->"
    ],
    "alias": [
      "Natasha Romanoff",
      "Black Widow",
      "Nat",
      "Natalie Rushman",
      "The Notary",
      "Master Assassin",
      "Tatiana Sokolova",
      "Alion Vans",
      "Marya Konn",
      "Irina Zlataryova",
      "Audrey",
      "Fräulein<ref>Translated from German: ''Young Lady''</ref>",
      "Hawley",
      "Auntie Nat",
      "Honey",
      "Daughter of Ivan",
      "Liebchen<ref>Translated from German: ''Lovely''</ref>"
    ],
    "species": [
      "Human"
    ],
    "citizenship": [
      "Soviet (formerly)",
      "Russian (formerly)",
      "American"
    ],
    "gender": [
      "Female"
    ],
    "age": [
      "38-39"
    ],
    "DOB": [
      "1984"
    ],
    "DOD": [
      "August 2014 (time-traveled from October 2023)"
    ],
    "affiliation": [
      "Red Room (formerly)",
      "KGB (formerly)",
      "S.H.I.E.L.D. (formerly)",
      "*STRD (formerly)",
      "Hammer Industries (formerly;undercover)",
      "Stark Industries (formerly,undercover)",
      "Avengers"
    ],
    "title": [
      "Agent of S.H.I.E.L.D. (formerly)"
    ],
    "actor": [
      "Scarlett Johansson",
      "Jenny Agutter (disguised)"
    ],
    "voice actor": [
      "Catherine Campion",
      "Laura Bailey"
    ],
    "status": [
      "Deceased"
    ],
    "appearences": [
      {
        "source__title": "Iron Man 2",
        "source__type": "movie"
      },
      {
        "source__title": "The Avengers",
        "source__type": "movie"
      },
      {
        "source__title": "Captain America: The Winter Soldier",
        "source__type": "movie"
      },
      {
        "source__title": "Avengers: Age of Ultron",
        "source__type": "movie"
      },
      {
        "source__title": "Captain America: Civil War",
        "source__type": "movie"
      },
      {
        "source__title": "Spider-Man: Homecoming",
        "source__type": "movie",
        "notes": "video footage"
      },
      {
        "source__title": "Thor: Ragnarok",
        "source__type": "movie",
        "notes": "footage"
      },
      {
        "source__title": "Avengers: Infinity War",
        "source__type": "movie"
      },
      {
        "source__title": "Captain Marvel (film)",
        "source__type": "movie",
        "notes": "mid-credits scene"
      },
      {
        "source__title": "Avengers: Endgame",
        "source__type": "movie"
      },
      {
        "source__title": "Spider-Man: Far From Home",
        "source__type": "movie",
        "notes": "picture"
      },
      {
        "source__title": "Black Widow (film)",
        "source__type": "movie",
        "notes": "unreleased"
      },
      {
        "source__title": "Agents of S.H.I.E.L.D.",
        "source__type": "tv series",
        "notes": "mentioned"
      },
      {
        "source__title": "WHiH Newsfront (web series)",
        "source__type": "web series",
        "notes": "footage"
      },
      {
        "source__title": "Team Thor",
        "source__type": "web series",
        "notes": "drawing"
      },
      {
        "source__title": "Team Thor: Part 2",
        "source__type": "web series",
        "notes": "drawing"
      },
      {
        "source__title": "Iron Man: I Am Iron Man!",
        "source__type": "comic",
        "notes": "mentioned"
      },
      {
        "source__title": "Iron Man 2: Black Widow: Agent of S.H.I.E.L.D.",
        "source__type": "comic"
      },
      {
        "source__title": "The Avengers Prelude: Fury's Big Week",
        "source__type": "comic"
      },
      {
        "source__title": "The Avengers Prelude: Black Widow Strikes",
        "source__type": "comic"
      },
      {
        "source__title": "The Avengers: The Avengers Initiative",
        "source__type": "comic"
      },
      {
        "source__title": "Iron Man 2 Adaptation",
        "source__type": "comic"
      },
      {
        "source__title": "Iron Man 3 Prelude",
        "source__type": "comic"
      },
      {
        "source__title": "Thor: The Dark World Prelude",
        "source__type": "comic"
      },
      {
        "source__title": "Captain America: The Winter Soldier Infinite Comic",
        "source__type": "comic"
      },
      {
        "source__title": "Captain America: Homecoming",
        "source__type": "comic"
      },
      {
        "source__title": "The Avengers Adaptation",
        "source__type": "comic"
      },
      {
        "source__title": "Avengers: Age of Ultron Prelude - This Scepter'd Isle",
        "source__type": "comic"
      },
      {
        "source__title": "Avengers: Operation HYDRA",
        "source__type": "comic"
      },
      {
        "source__title": "Captain America: Civil War Prelude",
        "source__type": "comic"
      },
      {
        "source__title": "Captain America: Road to War",
        "source__type": "comic"
      },
      {
        "source__title": "Spider-Man: Homecoming Prelude",
        "source__type": "comic"
      },
      {
        "source__title": "Avengers: Infinity War Prelude",
        "source__type": "comic"
      },
      {
        "source__title": "Captain Marvel Prelude",
        "source__type": "comic"
      },
      {
        "source__title": "Avengers: Endgame Prelude",
        "source__type": "comic"
      },
      {
        "source__title": "Black Widow Prelude",
        "source__type": "comic"
      }
    ]
  }
]