[
  {
    "cid": "Bradley",
    "real name": [
      "Bradley"
    ],
    "species": [
      "Human"
    ],
    "citizenship": [
      "American"
    ],
    "gender": [
      "Male"
    ],
    "actor": [
      "Gary Hilborn"
    ],
    "status": [
      "Deceased"
    ],
    "appearences": [
      {
        "source__title": "Daredevil (TV series)",
        "source__type": "tv series"
      },
      {
        "source__title": "The Perfect Game",
        "source__type": "tv series"
      }
    ]
  }
]