[
  {
    "cid": "Ferrara",
    "real name": [
      "Ferrara"
    ],
    "alias": [
      "Asshole City Cop"
    ],
    "species": [
      "Human"
    ],
    "citizenship": [
      "American"
    ],
    "gender": [
      "Male"
    ],
    "title": [
      "Lieutenant"
    ],
    "affiliation": [],
    "actor": [
      "Michael Pemberton"
    ],
    "status": [
      "Alive"
    ],
    "appearences": [
      {
        "source__title": "The Punisher",
        "source__type": "tv series"
      },
      {
        "source__title": "Roadhouse Blues",
        "source__type": "tv series"
      },
      {
        "source__title": "Trouble the Water",
        "source__type": "tv series"
      }
    ]
  }
]