[
  {
    "cid": "Duodon",
    "real name": [
      "Duodon"
    ],
    "species": [
      "Inhuman"
    ],
    "citizenship": [
      "Attilan"
    ],
    "gender": [
      "Male"
    ],
    "actor": [
      "Steve Trzaska"
    ],
    "status": [
      "Alive"
    ],
    "appearences": [
      {
        "source__title": "Inhumans (TV series)",
        "source__type": "tv series"
      },
      {
        "source__title": "Behold…The Inhumans!",
        "source__type": "tv series"
      }
    ]
  }
]