[
  {
    "cid": "Captain America",
    "real name": "Steven Grant Rogers",
    "alias": [
      "Steve Rogers",
      "Captain America",
      "Cap",
      "The First Avenger",
      "The Little Guy",
      "Soldier",
      "90-Pound Asthmatic",
      "Mystery Man",
      "American Hero",
      "The Star Spangled Man with a Plan",
      "America's New Hope",
      "Tinker Bell",
      "Chorus Girl",
      "America's Golden Boy",
      "The American",
      "A Simpleton with a Shield",
      "A Kid From Brooklyn",
      "The Hero Who Sacrificed Everything",
      "The World's First Superhero",
      "Capsicle",
      "Laboratory Experiment",
      "The Super Soldier",
      "The Living Legend",
      "Costumed Hero from the 40s",
      "The Man Out of Time",
      "The Sentinel of Liberty",
      "Fossil",
      "The Greatest Soldier in History",
      "Symbol of Courage",
      "Symbol to the Nation",
      "Hero to the World",
      "The World's First Super Soldier",
      "Everyone's Favorite War Hero",
      "The Running Man",
      "Big Guy",
      "The Man On The Bridge",
      "The Old Man",
      "God's Righteous Man",
      "Flag-Waver",
      "The Old Dude with the Shield",
      "War Criminal",
      "Grandpa Frisbee",
      "Vanilla Man",
      "Tired Old Mule",
      "America's Ass",
      "Mr. Rogers",
      "America",
      "Captain Stevens",
      "Loki",
      "Roscoe"
    ],
    "species": "Human",
    "citizenship": [
      "American"
    ],
    "gender": "Male",
    "DOB": "July 4, 1918",
    "title": [
      "Captain (formerly)",
      "Agent of S.H.I.E.L.D. (formerly)"
    ],
    "affiliation": [
      "United States Army (formerly)",
      "United Service Organizations (formerly)",
      "United States Department of the Treasury (formerly)",
      "SSR (formerly)",
      "Howling Commandos (formerly)",
      "S.H.I.E.L.D. (formerly)",
      "Avengers (formerly)",
      "Brooklyn Support Group (formerly)"
    ],
    "actor": [
      "Chris Evans",
      "Patrick Gorman (old)"
    ],
    "voice actor": "Roger Craig Smith",
    "status": "Alive",
    "appearences": [
      {
        "source__title": "Iron Man 2",
        "source__type": "movie",
        "notes": "mentioned"
      },
      {
        "source__title": "Captain America: The First Avenger",
        "source__type": "movie"
      },
      {
        "source__title": "The Avengers",
        "source__type": "movie"
      },
      {
        "source__title": "Iron Man 3",
        "source__type": "movie",
        "notes": "mentioned; deleted scene"
      },
      {
        "source__title": "Thor: The Dark World",
        "source__type": "movie",
        "notes": "illusion"
      },
      {
        "source__title": "Captain America: The Winter Soldier",
        "source__type": "movie"
      },
      {
        "source__title": "Avengers: Age of Ultron",
        "source__type": "movie"
      },
      {
        "source__title": "Ant-Man (film)",
        "source__type": "movie",
        "notes": "post-credits scene"
      },
      {
        "source__title": "Captain America: Civil War",
        "source__type": "movie"
      },
      {
        "source__title": "Spider-Man: Homecoming",
        "source__type": "movie",
        "notes": "cameo"
      },
      {
        "source__title": "Avengers: Infinity War",
        "source__type": "movie"
      },
      {
        "source__title": "Ant-Man and the Wasp",
        "source__type": "movie",
        "notes": "mentioned"
      },
      {
        "source__title": "Captain Marvel (film)",
        "source__type": "movie",
        "notes": "mid-credit scene"
      },
      {
        "source__title": "Avengers: Endgame",
        "source__type": "movie"
      },
      {
        "source__title": "Spider-Man: Far From Home",
        "source__type": "movie",
        "notes": "picture"
      },
      {
        "source__title": "Black Widow (film)",
        "source__type": "movie",
        "notes": "ref>[https://www.comicbookmovie.com/eternals/black-widow-and-eternals-footage-description-reveals-new-details-about-the-phase-4-marvel-movies-a172089?utm_source=MCUD&utm_medium=social&utm_campaign=test BLACK WIDOW And ETERNALS Footage Description Reveals New Details About The Phase 4 Marvel Movies]</ref"
      },
      {
        "source__title": "Marvel One-Shot: Agent Carter",
        "source__type": "oneshot",
        "notes": "flashback"
      },
      {
        "source__title": "Agents of S.H.I.E.L.D.",
        "source__type": "tv series",
        "notes": "mentioned"
      },
      {
        "source__title": "Agent Carter (TV series)",
        "source__type": "tv series",
        "notes": "flashback"
      },
      {
        "source__title": "Daredevil",
        "source__type": "tv series",
        "notes": "mentioned"
      },
      {
        "source__title": "Jessica Jones (TV series)",
        "source__type": "tv series",
        "notes": "mentioned"
      },
      {
        "source__title": "Luke Cage (TV series)",
        "source__type": "tv series",
        "notes": "mentioned"
      },
      {
        "source__title": "Runaways (TV series)",
        "source__type": "tv series",
        "notes": "figure"
      },
      {
        "source__title": "WHiH Newsfront (web series)",
        "source__type": "web series",
        "notes": "footage"
      },
      {
        "source__title": "Team Thor",
        "source__type": "web series",
        "notes": "mentioned"
      },
      {
        "source__title": "Team Thor: Part 2",
        "source__type": "web series",
        "notes": "drawing"
      },
      {
        "source__title": "Captain America: First Vengeance",
        "source__type": "comic"
      },
      {
        "source__title": "The Avengers Prelude: Fury's Big Week",
        "source__type": "comic"
      },
      {
        "source__title": "The Avengers Prelude: Black Widow Strikes",
        "source__type": "comic",
        "notes": "computer screen"
      },
      {
        "source__title": "The Avengers: The Avengers Initiative",
        "source__type": "comic",
        "notes": "flashback"
      },
      {
        "source__title": "Iron Man 3 Prelude",
        "source__type": "comic"
      },
      {
        "source__title": "Thor: The Dark World Prelude",
        "source__type": "comic"
      },
      {
        "source__title": "Captain America: The First Avenger Adaptation",
        "source__type": "comic"
      },
      {
        "source__title": "Captain America: The Winter Soldier Infinite Comic",
        "source__type": "comic"
      },
      {
        "source__title": "Captain America: Homecoming",
        "source__type": "comic"
      },
      {
        "source__title": "Agents of S.H.I.E.L.D.: The Chase",
        "source__type": "comic",
        "notes": "mentioned"
      },
      {
        "source__title": "The Avengers Adaptation",
        "source__type": "comic"
      },
      {
        "source__title": "Avengers: Age of Ultron Prelude - This Scepter'd Isle",
        "source__type": "comic"
      },
      {
        "source__title": "Avengers: Operation HYDRA",
        "source__type": "comic"
      },
      {
        "source__title": "Captain America: Civil War Prelude",
        "source__type": "comic"
      },
      {
        "source__title": "Captain America: Road to War",
        "source__type": "comic"
      },
      {
        "source__title": "Captain America: Civil War Prelude Infinite Comic",
        "source__type": "comic"
      },
      {
        "source__title": "Spider-Man: Homecoming Prelude",
        "source__type": "comic"
      },
      {
        "source__title": "Avengers: Infinity War Prelude",
        "source__type": "comic"
      },
      {
        "source__title": "Ant-Man and the Wasp Prelude",
        "source__type": "comic",
        "notes": "mentioned"
      },
      {
        "source__title": "Captain Marvel Prelude",
        "source__type": "comic"
      },
      {
        "source__title": "Avengers: Endgame Prelude",
        "source__type": "comic"
      },
      {
        "source__title": "Spider-Man: Far From Home Prelude",
        "source__type": "comic",
        "notes": "mentioned"
      },
      {
        "source__title": "Black Widow Prelude",
        "source__type": "comic",
        "notes": "flashbacks"
      }
    ]
  }
]