[
  {
    "cid": "Andrew Henry",
    "real name": "Andrew Henry",
    "alias": "Officer Icicle",
    "species": "Human",
    "citizenship": [
      "American"
    ],
    "gender": "Male",
    "affiliation": [
      "LAPD"
    ],
    "title": "Detective",
    "actor": "Sean O'Bryan",
    "DOD": "July 11, 1947",
    "status": "Deceased",
    "appearences": [
      {
        "source__title": "Agent Carter (TV series)",
        "source__type": "tv series"
      },
      {
        "source__title": "The Lady in the Lake",
        "source__type": "tv series"
      }
    ]
  }
]