[
  {
    "cid": "Anderson (Representative)",
    "real name": "Anderson",
    "species": "Human",
    "citizenship": [
      "American"
    ],
    "gender": "Male",
    "affiliation": [
      "United States Congress"
    ],
    "title": "Representative",
    "status": "Alive",
    "appearences": [
      {
        "source__title": "Agent Carter (TV series)",
        "source__type": "tv series"
      },
      {
        "source__title": "The Lady in the Lake",
        "source__type": "tv series",
        "notes": "mentioned"
      },
      {
        "source__title": "Better Angels",
        "source__type": "tv series",
        "notes": "mentioned"
      }
    ]
  }
]