[
  {
    "cid": "Alexi",
    "real name": [
      "Alexi"
    ],
    "species": [
      "Human"
    ],
    "citizenship": [],
    "affiliation": [
      "Hand"
    ],
    "gender": [
      "Male"
    ],
    "actor": [
      "Solomon Shiv"
    ],
    "status": [
      "Deceased"
    ],
    "appearences": [
      {
        "source__title": "Iron Fist (TV series)",
        "source__type": "tv series"
      },
      {
        "source__title": "Felling Tree with Roots",
        "source__type": "tv series"
      }
    ]
  }
]