[
  {
    "cid": "Carina",
    "real name": [
      "Carina"
    ],
    "species": [
      "Krylorian"
    ],
    "gender": [
      "Female"
    ],
    "age": [],
    "DOD": [
      "August 2014<ref name=\"Real Time\">The ''Marvel Cinematic Universe'' follows a general real time policy in most of Phase Two - set when the media is released when suitable.</ref>"
    ],
    "affiliation": [
      "Tivan Group"
    ],
    "actor": [
      "Ophelia Lovibond"
    ],
    "status": [
      "Deceased"
    ],
    "appearences": [
      {
        "source__title": "Guardians of the Galaxy Prequel Infinite Comic",
        "source__type": "comic"
      },
      {
        "source__title": "Guardians of the Galaxy Vol. 2 Prelude",
        "source__type": "comic"
      },
      {
        "source__title": "Thor: The Dark World",
        "source__type": "movie",
        "notes": "mid-credits scene"
      },
      {
        "source__title": "Guardians of the Galaxy (film)",
        "source__type": "movie"
      }
    ]
  }
]