[
  {
    "cid": "Eva Belyakov (Framework)",
    "real name": "Eva Belyakov",
    "species": "Artificial Intelligence",
    "citizenship": [
      "Russian"
    ],
    "gender": "Female",
    "DOD": [
      "2008 (Framework)",
      "2017 (Real World)"
    ],
    "actor": "Winter Ave Zoli",
    "status": "Deceased",
    "appearences": [
      {
        "source__title": "Agents of S.H.I.E.L.D.",
        "source__type": "tv series"
      },
      {
        "source__title": "Wake Up",
        "source__type": "tv series"
      }
    ]
  }
]