[
  {
    "cid": "Bushmaster",
    "real name": [
      "John McIver"
    ],
    "alias": [
      "Johnny McIver",
      "Bushmaster",
      "Babe",
      "The Stone the Builders Refused",
      "Shabba Ranks",
      "Jamaican N*gga",
      "The Guy on TV",
      "Large Jamaican Man",
      "Boogeyman",
      "The Man on Top of the Hill",
      "John-John",
      "Skipper",
      "Crazed Bush N*gga",
      "Rasta Nig",
      "Miracle Boy",
      "Rat",
      "Coconut"
    ],
    "species": [
      "Human"
    ],
    "citizenship": [
      "American",
      "Jamaican"
    ],
    "gender": [
      "Male"
    ],
    "affiliation": [
      "Yardies (formerly)",
      "Stylers (formerly)",
      "Harlem's Paradise (formerly)"
    ],
    "actor": [
      "Mustafa Shakir",
      "Mekhi Hewling (young)"
    ],
    "status": [
      "Alive"
    ],
    "appearences": [
      {
        "source__title": "Luke Cage (TV series)",
        "source__type": "tv series",
        "notes": "11 episodes"
      }
    ]
  }
]