[
  {
    "cid": "Gorgon Petragon",
    "real name": [
      "Gorgon Petragon"
    ],
    "alias": [
      "The Guardian"
    ],
    "species": [
      "Inhuman"
    ],
    "citizenship": [
      "Attilan"
    ],
    "gender": [
      "Male"
    ],
    "DOD": [
      "2016<ref name=\"I106\">''Inhumans: 1.06: The Gentleman's Name is Gorgon''</ref> (later resurrected)"
    ],
    "title": [
      "Captain of Attilan Royal Guard (formerly)"
    ],
    "affiliation": [
      "Inhuman Royal Family",
      "Attilan Royal Guard"
    ],
    "actor": [
      "Eme Ikwuakor"
    ],
    "status": [
      "Alive"
    ],
    "appearences": [
      {
        "source__title": "Inhumans (TV series)",
        "source__type": "tv series",
        "notes": "8 episodes"
      }
    ]
  }
]