[
  {
    "cid": "Daniel Drumm",
    "real name": "Daniel Drumm",
    "species": "Human",
    "citizenship": [
      "American"
    ],
    "gender": "Male",
    "DOD": "Early 2017<ref>[https://www.empireonline.com/movies/news/empire-podcast-doctor-strange-spoiler-special-scott-derrickson/ Empire Podcast: ''Doctor Strange'' Spoiler Special with Scott Derrickson]</ref><ref name=\"DS\"/><ref>''Avengers: Endgame''</ref>",
    "title": "Master of the New York Sanctum (formerly)",
    "affiliation": [
      "Masters of the Mystic Arts"
    ],
    "actor": "Mark Anthony Brighton",
    "status": "Deceased",
    "appearences": [
      {
        "source__title": "Doctor Strange (film)",
        "source__type": "movie"
      },
      {
        "source__title": "Doctor Strange Prelude",
        "source__type": "comic"
      },
      {
        "source__title": "Doctor Strange Prelude - The Zealot",
        "source__type": "comic"
      }
    ]
  }
]