[
  {
    "cid": "Falcon",
    "real name": "Samuel Thomas Wilson",
    "alias": [
      "Sam Wilson",
      "Falcon",
      "The Good Looking Guy with the Sunglasses",
      "The Badass",
      "Kid",
      "Good Man"
    ],
    "species": "Human",
    "citizenship": [
      "American"
    ],
    "gender": "Male",
    "DOD": "Spring 2018 (victim of the Snap; resurrected by Hulk in 2023)",
    "affiliation": [
      "United States Air Force (formerly)",
      "*ANG (formerly)",
      "United States Department of Veterans Affairs (formerly)",
      "Avengers (formerly)"
    ],
    "actor": "Anthony Mackie",
    "voice actor": "Bumper Robinson",
    "status": "Alive",
    "appearences": [
      {
        "source__title": "Captain America: The Winter Soldier",
        "source__type": "movie"
      },
      {
        "source__title": "Avengers: Age of Ultron",
        "source__type": "movie"
      },
      {
        "source__title": "Ant-Man (film)",
        "source__type": "movie"
      },
      {
        "source__title": "Captain America: Civil War",
        "source__type": "movie"
      },
      {
        "source__title": "Avengers: Infinity War",
        "source__type": "movie"
      },
      {
        "source__title": "Avengers: Endgame",
        "source__type": "movie"
      },
      {
        "source__title": "Spider-Man: Far From Home",
        "source__type": "movie",
        "notes": "picture"
      },
      {
        "source__title": "The Falcon and the Winter Soldier",
        "source__type": "tv series",
        "notes": "6 episodes; unreleased"
      },
      {
        "source__title": "WHiH Newsfront (web series)",
        "source__type": "web series",
        "notes": "footage"
      },
      {
        "source__title": "Avengers: Age of Ultron Prelude - This Scepter'd Isle",
        "source__type": "comic"
      },
      {
        "source__title": "Captain America: Civil War Prelude",
        "source__type": "comic"
      },
      {
        "source__title": "Captain America: Civil War Prelude Infinite Comic",
        "source__type": "comic"
      },
      {
        "source__title": "Captain America: Road to War",
        "source__type": "comic"
      },
      {
        "source__title": "Spider-Man: Homecoming Prelude",
        "source__type": "comic"
      },
      {
        "source__title": "Avengers: Infinity War Prelude",
        "source__type": "comic"
      },
      {
        "source__title": "Ant-Man and the Wasp Prelude",
        "source__type": "comic"
      },
      {
        "source__title": "Captain Marvel Prelude",
        "source__type": "comic"
      },
      {
        "source__title": "Avengers: Endgame Prelude",
        "source__type": "comic"
      },
      {
        "source__title": "Black Widow Prelude",
        "source__type": "comic",
        "notes": "flashbacks"
      }
    ]
  }
]