[
  {
    "cid": "Gabe Reyes",
    "real name": "Gabriel Reyes",
    "alias": [
      "Gabe Reyes",
      "Hot Wheels",
      "Ironside"
    ],
    "species": "Human",
    "citizenship": [
      "American"
    ],
    "gender": "Male",
    "affiliation": [
      "Garfield High School"
    ],
    "actor": "Lorenzo James Henrie",
    "status": "Alive",
    "appearences": [
      {
        "source__title": "Agents of S.H.I.E.L.D.",
        "source__type": "tv series",
        "notes": "4 episodes"
      }
    ]
  }
]