[
  {
    "cid": "Bashenga",
    "real name": [
      "Bashenga"
    ],
    "alias": [
      "Black Panther"
    ],
    "species": [
      "Human"
    ],
    "citizenship": [
      "Wakandan"
    ],
    "gender": [
      "Male"
    ],
    "affiliation": [
      "Golden Tribe"
    ],
    "DOB": [
      "c. 7984 BC<ref name=\"TAoBP\">''The Art of Black Panther''</ref>"
    ],
    "title": [
      "Warrior Shaman (formerly)",
      "King of Wakanda",
      "Black Panther"
    ],
    "status": [
      "Deceased"
    ],
    "appearences": [
      {
        "source__title": "Black Panther (film)",
        "source__type": "movie",
        "notes": "mentioned"
      }
    ]
  }
]