[
  {
    "cid": "Carl Lucas",
    "real name": [
      "Carl Lucas (formerly)",
      "Luke Cage (legally changed)"
    ],
    "alias": [
      "Mr. Bulletproof",
      "Bulletproof Man",
      "Power Man",
      "Mayweather",
      "Country Boy",
      "Big Man",
      "Shawshank",
      "Muscle-Headed Fugitive",
      "Dishwasher",
      "The Bartender",
      "Some Dude in a Hoodie",
      "Some Big Black Dude in a Hoodie",
      "Convict",
      "Luke Freeman",
      "The Gun",
      "Wise Guy",
      "Dishwasher Lazarus",
      "Jesus",
      "Half-Houdini, Half-Ali",
      "Stranger With Arcane Abilities",
      "Ice Cream",
      "Harlem's Captain America",
      "Bulletproof Nigga",
      "Harlem's Hero",
      "Macho Man",
      "False Idol",
      "Golden calf",
      "Hero of Harlem",
      "Walking Fountain of Youth",
      "The Miracle Baby",
      "The Harlem Menace",
      "Miracle Whip",
      "Freak",
      "Hero for Hire",
      "Hole-y Hero",
      "Public Enemy Number One",
      "The Righteous Ex-Con",
      "The Man With Unbreakable Skin",
      "The Superstar",
      "The Big Guy",
      "The Unbreakable One",
      "The Man Who Does Not Break",
      "Bulletproof Black Man",
      "Brown-eyed Handsome Man",
      "Ghetto Boogeyman",
      "Soul Brother Number One",
      "Dark Chocolate Boy Scout",
      "Luther",
      "Willie Horton with Bulletproof Skin",
      "Gigolo",
      "Celebrity Superhero",
      "Pet Nigga",
      "Pet Bitch",
      "Dark Chocolate Boy Scout",
      "Kick-ass Kissinger",
      "Jailbird",
      "The Preacher's Son",
      "Sweetheart",
      "Luke Corleone",
      "Luke Trump",
      "The Rook",
      "Man with Bulletproof Skin"
    ],
    "species": "Human",
    "citizenship": [
      "American"
    ],
    "gender": "Male",
    "age": "39<!-- Born between March and May 11, 1980-->",
    "DOB": "Spring 1980",
    "title": "Sheriff (formerly)",
    "affiliation": [
      "United States Marine Corps (formerly)",
      "Savannah Police Department (formerly)",
      "Luke's (formerly)",
      "Pop's Barber Shop (formerly)",
      "Harlem's Paradise",
      "Defenders"
    ],
    "actor": [
      "Mike Colter",
      "David Austin (young)",
      "Clifton Cutrary (young)"
    ],
    "status": "Alive",
    "appearences": [
      {
        "source__title": "Daredevil (TV series)",
        "source__type": "tv series",
        "notes": "mentioned"
      },
      {
        "source__title": "Jessica Jones (TV series)",
        "source__type": "tv series",
        "notes": "8 episodes"
      },
      {
        "source__title": "Luke Cage (TV series)",
        "source__type": "tv series",
        "notes": "26 episodes"
      },
      {
        "source__title": "Iron Fist (TV series)",
        "source__type": "tv series",
        "notes": "mentioned"
      },
      {
        "source__title": "The Defenders",
        "source__type": "tv series",
        "notes": "8 episodes"
      },
      {
        "source__title": "Cloak & Dagger",
        "source__type": "tv series",
        "notes": "picture"
      }
    ]
  }
]