[
  {
    "cid": "Dinah Madani",
    "real name": [
      "Dinah Madani"
    ],
    "alias": [
      "Poster Girl",
      "Boss",
      "Pet Agent",
      "Flagpole",
      "Steve McQueen",
      "Sweetheart",
      "High Value Target",
      "Young Lady",
      "Tourist",
      "Honey",
      "Bitch"
    ],
    "species": [
      "Human"
    ],
    "citizenship": [
      "American"
    ],
    "gender": [
      "Female"
    ],
    "affiliation": [
      "Fordham University (formerly)",
      "Columbia University (formerly)",
      "FBI NationalAcademy(formerly)",
      "DHS (formerly)",
      "CIA"
    ],
    "title": [
      "CIA Agent",
      "Homeland Security Agent (formerly)",
      "Special Agent in Charge (formerly)"
    ],
    "actor": [
      "Amber Rose Revah"
    ],
    "status": [
      "Alive"
    ],
    "appearences": [
      {
        "source__title": "The Punisher",
        "source__type": "tv series",
        "notes": "26 episodes"
      }
    ]
  }
]