[
  {
    "cid": "Carl Hoffman",
    "real name": [
      "Carl Hoffman"
    ],
    "species": [
      "Human"
    ],
    "citizenship": [
      "American"
    ],
    "gender": [
      "Male"
    ],
    "affiliation": [
      "NYPD (formerly)"
    ],
    "title": [
      "Detective (formerly)"
    ],
    "actor": [
      "Daryl Edwards"
    ],
    "status": [
      "Alive"
    ],
    "appearences": [
      {
        "source__title": "Daredevil (TV series)",
        "source__type": "tv series",
        "notes": "5 episodes"
      }
    ]
  }
]