[
  {
    "cid": "Frank (Homeless Veteran)",
    "real name": [
      "Frank"
    ],
    "species": [
      "Human"
    ],
    "citizenship": [
      "American"
    ],
    "gender": [
      "Male"
    ],
    "affiliation": [
      "United States Army (formerly)"
    ],
    "actor": [
      "John Bishop"
    ],
    "status": [
      "Alive"
    ],
    "appearences": [
      {
        "source__title": "Agent Carter (TV series)",
        "source__type": "tv series"
      },
      {
        "source__title": "The Blitzkrieg Button",
        "source__type": "tv series"
      }
    ]
  }
]