[
  {
    "cid": "Armand Tully",
    "real name": "Armand Tully",
    "alias": [
      "Sleaze Bag",
      "Gordo Asqueroso<ref>Translates from Spanish to: \"Fat Shit\"</ref>"
    ],
    "species": "Human",
    "citizenship": [
      "American"
    ],
    "gender": "Male",
    "affiliation": [
      "Westmeyer-Holt Contracting"
    ],
    "actor": "",
    "status": "Alive",
    "appearences": [
      {
        "source__title": "Daredevil (TV series)",
        "source__type": "tv series",
        "notes": "mentioned"
      }
    ]
  }
]