[
  {
    "cid": "Elektra",
    "real name": [
      "Elektra Natchios (adoptive name)"
    ],
    "alias": [
      "The Greek Girl",
      "Sweetheart",
      "Ellie",
      "Louise Badeaux",
      "Black Sky",
      "Vessel",
      "Woman with the Swords",
      "The Ultimate Weapon of the Hand",
      "Chick in the Spandex"
    ],
    "species": [
      "Human"
    ],
    "citizenship": [
      "Greek"
    ],
    "gender": [
      "Female"
    ],
    "DOD": [
      "November 2015 (later resurrected)"
    ],
    "affiliation": [
      "Chaste (formerly)",
      "Columbia University (formerly)",
      "Hand"
    ],
    "actor": [
      "Élodie Yung",
      "Lily Chee (young)"
    ],
    "status": [
      "Unknown"
    ],
    "appearences": [
      {
        "source__title": "Daredevil (TV series)",
        "source__type": "tv series",
        "notes": "10 episodes"
      },
      {
        "source__title": "The Defenders",
        "source__type": "tv series",
        "notes": "8 episodes"
      }
    ]
  }
]