[
  {
    "cid": "Frigga",
    "real name": "Frigga",
    "alias": [
      "Witch",
      "Fancy Broad",
      "The Wisest Person in Asgard"
    ],
    "species": "Asgardian",
    "citizenship": [
      "Asgardian"
    ],
    "gender": "Female",
    "affiliation": [
      "Asgardian Royal Family"
    ],
    "DOD": "November 12, 2013<ref name=\"TTDW\"/><ref>Erik Selvig release papers on \"14/11/13\"</ref>",
    "title": "Queen of Asgard",
    "actor": "Rene Russo",
    "status": "Deceased",
    "appearences": [
      {
        "source__title": "Thor (film)",
        "source__type": "movie"
      },
      {
        "source__title": "Thor: The Dark World",
        "source__type": "movie"
      },
      {
        "source__title": "Thor: Ragnarok",
        "source__type": "movie",
        "notes": "mentioned"
      },
      {
        "source__title": "Avengers: Infinity War",
        "source__type": "movie",
        "notes": "mentioned"
      },
      {
        "source__title": "Avengers: Endgame",
        "source__type": "movie"
      },
      {
        "source__title": "Thor Adaptation",
        "source__type": "comic"
      },
      {
        "source__title": "Thor: The Dark World Prelude",
        "source__type": "comic"
      },
      {
        "source__title": "Thor: Ragnarok Prelude",
        "source__type": "comic"
      },
      {
        "source__title": "Avengers: Endgame Prelude",
        "source__type": "comic",
        "notes": "mentioned"
      }
    ]
  }
]