[
  {
    "cid": "Antoine Triplett (Framework)",
    "real name": "Antoine Triplett",
    "alias": [
      "Trip",
      "Playboy",
      "Patriot"
    ],
    "species": "Artificial Intelligence",
    "citizenship": [
      "American"
    ],
    "gender": "Male",
    "affiliation": [
      "S.H.I.E.L.D."
    ],
    "actor": "B.J. Britt",
    "status": "Deleted",
    "appearences": [
      {
        "source__title": "Agents of S.H.I.E.L.D.",
        "source__type": "tv series"
      },
      {
        "source__title": "No Regrets",
        "source__type": "tv series"
      },
      {
        "source__title": "All the Madame's Men",
        "source__type": "tv series"
      },
      {
        "source__title": "Farewell, Cruel World!",
        "source__type": "tv series"
      }
    ]
  }
]