[
  {
    "cid": "Gabe Jones",
    "real name": [
      "Gabriel Jones"
    ],
    "alias": [
      "Gabe Jones"
    ],
    "species": [
      "Human"
    ],
    "citizenship": [
      "American"
    ],
    "gender": [
      "Male"
    ],
    "DOB": [
      "August 14, 1918<ref name=\"SSR\">''Strategic Scientific Reserve Files''</ref>"
    ],
    "affiliation": [
      "Howard University (formerly)",
      "United States Army",
      "92nd Infantry Division (formerly)",
      "Howling Commandos"
    ],
    "title": [
      "Private"
    ],
    "actor": [
      "Derek Luke"
    ],
    "status": [
      "Unknown"
    ],
    "appearences": [
      {
        "source__title": "Captain America: The First Avenger",
        "source__type": "movie"
      },
      {
        "source__title": "Captain America: The Winter Soldier",
        "source__type": "movie",
        "notes": "picture"
      },
      {
        "source__title": "Spider-Man: Homecoming",
        "source__type": "movie",
        "notes": "photo"
      },
      {
        "source__title": "Agents of S.H.I.E.L.D.",
        "source__type": "tv series"
      },
      {
        "source__title": "Aftershocks",
        "source__type": "tv series",
        "notes": "picture"
      },
      {
        "source__title": "Captain America: First Vengeance",
        "source__type": "comic"
      },
      {
        "source__title": "Captain America: The First Avenger Adaptation",
        "source__type": "comic"
      },
      {
        "source__title": "Captain America & Thor: Avengers!",
        "source__type": "comic"
      }
    ]
  }
]