[
  {
    "cid": "Cynthia Batzer",
    "real name": [
      "Cynthia Batzer"
    ],
    "alias": [],
    "species": [
      "Human"
    ],
    "citizenship": [
      "American"
    ],
    "gender": [
      "Female"
    ],
    "title": [
      "Judge"
    ],
    "affiliation": [],
    "actor": [
      "Deirdre Madigan"
    ],
    "status": [
      "Alive"
    ],
    "appearences": [
      {
        "source__title": "Daredevil (TV series)",
        "source__type": "tv series"
      },
      {
        "source__title": "Regrets Only",
        "source__type": "tv series"
      },
      {
        "source__title": "Semper Fidelis",
        "source__type": "tv series"
      },
      {
        "source__title": "Guilty as Sin",
        "source__type": "tv series"
      }
    ]
  }
]