[
  {
    "cid": "Ben Urich",
    "real name": "Benjamin Urich",
    "alias": [
      "Ben Urich",
      "Benny",
      "Pain in the Ass",
      "Whore",
      "Woodward and Bernstein"
    ],
    "species": "Human",
    "citizenship": [
      "American"
    ],
    "gender": "Male",
    "DOD": "February 2015",
    "title": "Reporter (formerly)",
    "affiliation": [
      "''NYB'' (formerly)"
    ],
    "actor": "Vondie Curtis-Hall",
    "status": "Deceased",
    "appearences": [
      {
        "source__title": "Daredevil (TV series)",
        "source__type": "tv series",
        "notes": "9 episodes"
      },
      {
        "source__title": "Cloak & Dagger",
        "source__type": "tv series",
        "notes": "mentioned"
      }
    ]
  }
]