[
  {
    "cid": "Flores (LAPD)",
    "real name": [
      "Flores"
    ],
    "alias": [
      "PRIDE's Fixer"
    ],
    "species": [
      "Human"
    ],
    "gender": [
      "Male"
    ],
    "DOD": [
      "January 2018<ref>''Runaways: 1.07: Refraction''</ref><ref>''Runaways: 1.09: Doomsday''</ref><ref name=\"R207\">''Runaways: 2.07: Last Rites''</ref>"
    ],
    "citizenship": [
      "American"
    ],
    "title": [
      "Detective"
    ],
    "affiliation": [
      "LAPD"
    ],
    "actor": [
      "Alex Fernandez"
    ],
    "status": [
      "Deceased"
    ],
    "appearences": [
      {
        "source__title": "Runaways (TV series)",
        "source__type": "tv series",
        "notes": "6 episodes"
      }
    ]
  }
]