[
  {
    "cid": "Giyera",
    "real name": [
      "R. Giyera"
    ],
    "alias": [
      "The Guy With The Suit"
    ],
    "species": [
      "Inhuman"
    ],
    "citizenship": [
      "American"
    ],
    "gender": [
      "Male"
    ],
    "age": [
      "44"
    ],
    "affiliation": [
      "United States Marine Corps (formerly)",
      "ATCU (formerly)",
      "HYDRA (formerly)"
    ],
    "DOB": [
      "June 9, 1972<ref name=\"AoS308\">''Agents of S.H.I.E.L.D.: 3.08: Many Heads, One Tale''</ref>"
    ],
    "DOD": [
      "June 2016"
    ],
    "actor": [
      "Mark Dacascos"
    ],
    "status": [
      "Deceased"
    ],
    "appearences": [
      {
        "source__title": "Agents of S.H.I.E.L.D.",
        "source__type": "tv series",
        "notes": "11 episodes"
      }
    ]
  }
]