[
  {
    "cid": "Brian Hayward",
    "real name": "Brian Hayward",
    "species": "Human",
    "citizenship": [
      "American"
    ],
    "gender": "Male",
    "DOD": "2013",
    "affiliation": [
      "United States Army",
      "HYDRA",
      "*Centipede Project"
    ],
    "actor": "Paul Lacovara",
    "status": "Deceased",
    "appearences": [
      {
        "source__title": "Agents of S.H.I.E.L.D.",
        "source__type": "tv series"
      },
      {
        "source__title": "The Bridge",
        "source__type": "tv series"
      }
    ]
  }
]