[
  {
    "cid": "Dorothy Walker",
    "real name": [
      "Dorothy Walker"
    ],
    "alias": [
      "Toxic Waste of Space",
      "Soul-Crushing Python",
      "Boil on Humanity's Ass"
    ],
    "species": [
      "Human"
    ],
    "citizenship": [
      "American"
    ],
    "gender": [
      "Female"
    ],
    "DOD": [
      "2018"
    ],
    "affiliation": [
      "Stars & Tykes Talent Agency",
      "ARN",
      "*''Style by Trish''"
    ],
    "status": [
      "Deceased"
    ],
    "actor": [
      "Rebecca De Mornay"
    ],
    "appearences": [
      {
        "source__title": "Jessica Jones (TV series)",
        "source__type": "tv series",
        "notes": "12 episodes"
      }
    ]
  }
]