[
  {
    "cid": "Bethany (NA Meeting)",
    "real name": [
      "Bethany"
    ],
    "alias": [],
    "species": [
      "Human"
    ],
    "citizenship": [
      "American"
    ],
    "gender": [
      "Female"
    ],
    "title": [],
    "affiliation": [],
    "actor": [
      "Natalie Smith"
    ],
    "status": [
      "Alive"
    ],
    "appearences": [
      {
        "source__title": "Iron Fist (TV series)",
        "source__type": "tv series",
        "notes": "6 episodes"
      }
    ]
  }
]