[
  {
    "cid": "Crawford",
    "real name": [
      "Crawford"
    ],
    "alias": [],
    "species": [
      "Human"
    ],
    "citizenship": [
      "American"
    ],
    "gender": [
      "Female"
    ],
    "title": [
      "Agent of S.H.I.E.L.D."
    ],
    "affiliation": [
      "S.H.I.E.L.D."
    ],
    "actor": [
      "Kimberley Drummond"
    ],
    "status": [
      "Alive"
    ],
    "appearences": [
      {
        "source__title": "Agents of S.H.I.E.L.D.",
        "source__type": "tv series"
      },
      {
        "source__title": "The Patriot",
        "source__type": "tv series"
      }
    ]
  }
]