[
  {
    "cid": "Etta Lucas",
    "real name": [
      "Esther Lucas"
    ],
    "alias": [
      "Etta Lucas"
    ],
    "species": [
      "Human"
    ],
    "citizenship": [
      "American"
    ],
    "gender": [
      "Female"
    ],
    "affiliation": [
      "Baptist Church"
    ],
    "actor": [
      "Joniece Abbott-Pratt"
    ],
    "status": [
      "Deceased"
    ],
    "appearences": [
      {
        "source__title": "Luke Cage (TV series)",
        "source__type": "tv series"
      },
      {
        "source__title": "Blowin' Up the Spot",
        "source__type": "tv series",
        "notes": "mentioned"
      },
      {
        "source__title": "Take It Personal",
        "source__type": "tv series"
      },
      {
        "source__title": "Soul Brother 1",
        "source__type": "tv series",
        "notes": "mentioned"
      },
      {
        "source__title": "On and On",
        "source__type": "tv series",
        "notes": "flashback"
      },
      {
        "source__title": "For Pete's Sake",
        "source__type": "tv series",
        "notes": "mentioned"
      }
    ]
  }
]