[
  {
    "cid": "Alice Hernandez",
    "real name": [
      "Alice Hernandez"
    ],
    "alias": [
      "Al"
    ],
    "species": [
      "Human"
    ],
    "DOD": [
      "Late 2007<ref name=\"R109\">''Runaways: 1.09: Doomsday''</ref>"
    ],
    "affiliation": [
      "Goodman University",
      "*Geosciences Research Center",
      "PRIDE"
    ],
    "actor": [
      "Carmen Serano"
    ],
    "status": [
      "Deceased"
    ],
    "appearences": [
      {
        "source__title": "Runaways (TV series)",
        "source__type": "tv series",
        "notes": "3 episodes"
      }
    ]
  }
]