[
  {
    "cid": "Fisher (S.H.I.E.L.D.)",
    "real name": "Fisher",
    "species": "Human",
    "citizenship": [
      "American"
    ],
    "gender": "Male",
    "title": "Agent of S.H.I.E.L.D.",
    "affiliation": [
      "S.H.I.E.L.D."
    ],
    "DOD": "April 2017",
    "actor": "Cantrell Harris",
    "status": "Deceased",
    "appearences": [
      {
        "source__title": "Agents of S.H.I.E.L.D.",
        "source__type": "tv series"
      },
      {
        "source__title": "Self Control",
        "source__type": "tv series"
      }
    ]
  }
]