[
  {
    "cid": "Duane Porter",
    "real name": "Duane Porter",
    "species": "Human",
    "citizenship": [
      "American"
    ],
    "gender": "Male",
    "DOD": "February 2017<ref>''Cloak & Dagger: 1.04: Call/Response''</ref><ref>''Cloak & Dagger: 1.10: Colony Collapse''</ref><ref>''Luke Cage: 2.08: If It Ain't Rough, It Ain't Right''</ref><ref>[https://www.youtube.com/watch?v=9UqrlizXWIM&t=2015s ''Cloak & Dagger'' SDCC 2018 Panel]</ref>",
    "affiliation": [
      "Buildwell Wood Shop"
    ],
    "actor": "Dalon J. Holland",
    "status": "Deceased",
    "appearences": [
      {
        "source__title": "Cloak & Dagger",
        "source__type": "tv series",
        "notes": "5 episodes"
      }
    ]
  }
]