[
  {
    "cid": "Beast",
    "real name": [],
    "alias": [
      "The Beast"
    ],
    "species": [],
    "citizenship": [],
    "gender": [
      "Male"
    ],
    "DOD": [
      "2091"
    ],
    "actor": [
      "Dave Reaves"
    ],
    "status": [
      "Deceased"
    ],
    "appearences": [
      {
        "source__title": "Agents of S.H.I.E.L.D.",
        "source__type": "tv series"
      },
      {
        "source__title": "A Life Spent",
        "source__type": "tv series"
      }
    ]
  }
]