[
  {
    "cid": "Billy Russo",
    "real name": [
      "William Russo"
    ],
    "alias": [
      "Billy Russo",
      "Bill",
      "Devil Dog",
      "Brother",
      "Baddest Son of a Bitch",
      "Uncle Bill",
      "Uncle Billy",
      "Bill the Beaut",
      "Liar in Command",
      "Blackbird",
      "His Prettiness",
      "Fifth Guy",
      "The Bad Guy",
      "Civilian Asset",
      "Grunt",
      "Gutter Rat",
      "Little Doggy",
      "Couple of Assholes (with Frank Castle)",
      "Edward Scissorhands",
      "Ed",
      "Dummy",
      "One Sad Bastard",
      "Freak",
      "Kid",
      "BR",
      "Dude with the Messed-Up Face",
      "Clowns (with Jigsaw's Crew)",
      "Jigsaw Faced Bastard",
      "Serpent Six",
      "Mr. Blue"
    ],
    "species": [
      "Human"
    ],
    "citizenship": [
      "American"
    ],
    "gender": [
      "Male"
    ],
    "DOD": [
      "May 2018"
    ],
    "affiliation": [
      "Ray of Hope (formerly)",
      "United States Marine Corps (formerly)",
      "*Cerberus Squad (formerly)",
      "Anvil (formerly)",
      "Jigsaw's Crew (formerly)"
    ],
    "title": [
      "Lieutenant (formerly)",
      "CEO of Anvil (formerly)"
    ],
    "actor": [
      "Ben Barnes"
    ],
    "status": [
      "Deceased"
    ],
    "appearences": [
      {
        "source__title": "The Punisher",
        "source__type": "tv series",
        "notes": "25 episodes"
      }
    ]
  }
]