[
  {
    "cid": "Emily (Housekeeper)",
    "real name": "Emily",
    "species": "Human",
    "citizenship": [
      "American"
    ],
    "gender": "Female",
    "actor": "Lyndsi LaRose",
    "status": "Alive",
    "appearences": [
      {
        "source__title": "Ant-Man (film)",
        "source__type": "movie",
        "notes": "flashback"
      },
      {
        "source__title": "Ant-Man and the Wasp Prelude",
        "source__type": "comic",
        "notes": "flashback"
      }
    ]
  }
]