[
  {
    "cid": "Andaz",
    "real name": "Andaz",
    "species": "Human",
    "citizenship": [
      "American"
    ],
    "gender": "Male",
    "title": "General",
    "affiliation": [
      "United States Air Force"
    ],
    "actor": "Patrick John Hurley",
    "status": "Alive",
    "appearences": [
      {
        "source__title": "Agents of S.H.I.E.L.D.",
        "source__type": "tv series"
      },
      {
        "source__title": "Absolution",
        "source__type": "tv series"
      }
    ]
  }
]