[
  {
    "cid": "Christian Blake",
    "real name": [
      "Christian Blake"
    ],
    "species": [
      "Human"
    ],
    "citizenship": [
      "American"
    ],
    "gender": [
      "Male"
    ],
    "affiliation": [
      "NYPD"
    ],
    "title": [
      "Detective"
    ],
    "actor": [
      "Chris Tardio"
    ],
    "status": [
      "Deceased"
    ],
    "DOD": [
      "2015"
    ],
    "appearences": [
      {
        "source__title": "Daredevil (TV series)",
        "source__type": "tv series",
        "notes": "4 episodes"
      }
    ]
  }
]