[
  {
    "cid": "BB",
    "real name": [],
    "alias": [
      "BB",
      "Sherlock"
    ],
    "species": [
      "Human"
    ],
    "citizenship": [
      "American"
    ],
    "gender": [
      "Male"
    ],
    "DOD": [
      "Late 2017<ref>[https://www.comicbookmovie.com/tv/marvel/iron_fist/iron-fist-season-2-synopsis-reveals-that-danny-rand-is-stepping-up-to-take-daredevils-place-a162297 ''Iron Fist'' Season 2 Synopsis Reveals That Danny Rand Is Stepping Up to Take Daredevil's Place]</ref>"
    ],
    "title": [],
    "affiliation": [
      "Ryhno's Gang (formerly)"
    ],
    "actor": [
      "Giullian Yao Gioiello"
    ],
    "status": [
      "Deceased"
    ],
    "appearences": [
      {
        "source__title": "Iron Fist (TV series)",
        "source__type": "tv series",
        "notes": "7 episodes"
      }
    ]
  }
]