[
  {
    "cid": "Elle Dean",
    "real name": [
      "Elle Dean"
    ],
    "alias": [
      "Newling",
      "Baby Elle"
    ],
    "species": [
      "Human/Gibborim Hybrid"
    ],
    "citizenship": [
      "American"
    ],
    "gender": [
      "Female"
    ],
    "DOB": [
      "2018"
    ],
    "actor": [],
    "status": [
      "Alive"
    ],
    "appearences": [
      {
        "source__title": "Runaways (TV series)",
        "source__type": "tv series",
        "notes": "2 episodes"
      }
    ]
  }
]