[
  {
    "cid": "Carlo Eastman",
    "real name": "Carlo Eastman",
    "alias": "Wandering Penis",
    "species": "Human",
    "citizenship": [
      "American"
    ],
    "gender": "Male",
    "affiliation": [
      ""
    ],
    "actor": "Ricky Paull Goldin",
    "status": "Alive",
    "appearences": [
      {
        "source__title": "Jessica Jones (TV series)",
        "source__type": "tv series"
      },
      {
        "source__title": "AKA 99 Friends",
        "source__type": "tv series"
      }
    ]
  }
]