[
  {
    "cid": "Andrew Lee",
    "real name": [
      "Andrew Lee"
    ],
    "alias": [],
    "species": [
      "Human"
    ],
    "citizenship": [
      "American"
    ],
    "gender": [
      "Male"
    ],
    "affiliation": [],
    "actor": [
      "Randall McNeal"
    ],
    "status": [
      "Alive"
    ],
    "appearences": [
      {
        "source__title": "Daredevil (TV series)",
        "source__type": "tv series"
      },
      {
        "source__title": "Guilty as Sin",
        "source__type": "tv series"
      }
    ]
  }
]