[
  {
    "cid": "Cosmo",
    "real name": [
      "Cosmo"
    ],
    "species": [
      "Dog"
    ],
    "citizenship": [
      "Soviet"
    ],
    "gender": [
      "Male"
    ],
    "actor": [
      "Fred the Dog"
    ],
    "status": [
      "Alive"
    ],
    "appearences": [
      {
        "source__title": "Guardians of the Galaxy (film)",
        "source__type": "movie"
      },
      {
        "source__title": "Guardians of the Galaxy Vol. 2",
        "source__type": "movie",
        "notes": "end credits; cameo"
      }
    ]
  }
]