[
  {
    "cid": "Curtis Hoyle",
    "real name": "Curtis Hoyle",
    "alias": [
      "Curt Hoyle",
      "Brother",
      "Mummy",
      "One-Legged Man",
      "Peg-Leg Bastard",
      "Frank Castle's One-Legged Black Friend"
    ],
    "species": "Human",
    "citizenship": [
      "American"
    ],
    "gender": "Male",
    "title": "SARC (formerly)",
    "affiliation": [
      "United States Navy (formerly)"
    ],
    "actor": "Jason R. Moore",
    "status": "Alive",
    "appearences": [
      {
        "source__title": "The Punisher",
        "source__type": "tv series",
        "notes": "17 episodes"
      }
    ]
  }
]