[
  {
    "cid": "Adria",
    "real name": "Adria",
    "species": "Human",
    "gender": "Female",
    "title": "",
    "affiliation": [
      ""
    ],
    "citizenship": [
      "Danish"
    ],
    "DOD": "July 1995",
    "status": "Deceased",
    "appearences": [
      {
        "source__title": "Doctor Strange Prelude - The Zealot",
        "source__type": "comic"
      },
      {
        "source__title": "Doctor Strange (film)",
        "source__type": "movie",
        "notes": "indirectly mentioned"
      }
    ]
  }
]