[
  {
    "cid": "Bor",
    "real name": [
      "Bor Burison"
    ],
    "species": [
      "Asgardian"
    ],
    "citizenship": [
      "Asgardian"
    ],
    "gender": [
      "Male"
    ],
    "affiliation": [
      "Asgardian Royal Family"
    ],
    "title": [
      "Prince of Asgard (formerly)",
      "King of Asgard (formerly)"
    ],
    "actor": [
      "Tony Curran"
    ],
    "status": [
      "Deceased"
    ],
    "appearences": [
      {
        "source__title": "Thor (film)",
        "source__type": "movie",
        "notes": "mentioned"
      },
      {
        "source__title": "Thor: The Dark World",
        "source__type": "movie"
      },
      {
        "source__title": "Avengers: Endgame",
        "source__type": "movie",
        "notes": "mentioned"
      },
      {
        "source__title": "Thor Adaptation",
        "source__type": "comic",
        "notes": "mentioned"
      },
      {
        "source__title": "Thor: The Dark World Prelude",
        "source__type": "comic",
        "notes": "mentioned"
      },
      {
        "source__title": "Thor: Ragnarok Prelude",
        "source__type": "comic"
      }
    ]
  }
]