[
  {
    "cid": "April Van Kempen",
    "real name": [
      "April Van Kempen"
    ],
    "species": [
      "Human"
    ],
    "citizenship": [
      "American"
    ],
    "gender": [
      "Female"
    ],
    "age": [
      "4"
    ],
    "DOB": [
      "October 2014"
    ],
    "status": [
      "Alive"
    ],
    "appearences": [
      {
        "source__title": "Agents of S.H.I.E.L.D.",
        "source__type": "tv series"
      },
      {
        "source__title": "Principia (episode)",
        "source__type": "tv series",
        "notes": "mentioned"
      }
    ]
  }
]