[
  {
    "cid": "Carlos",
    "real name": [
      "Carlos"
    ],
    "species": [
      "Human"
    ],
    "citizenship": [
      "Mexican"
    ],
    "gender": [
      "Male"
    ],
    "affiliation": [
      "Third Strikers"
    ],
    "actor": [
      "Carlos Aviles"
    ],
    "status": [
      "Alive"
    ],
    "appearences": [
      {
        "source__title": "Ant-Man (film)",
        "source__type": "movie",
        "notes": "flashback"
      },
      {
        "source__title": "Ant-Man and the Wasp Prelude",
        "source__type": "comic",
        "notes": "flashback"
      }
    ]
  }
]