[
  {
    "cid": "Donald",
    "real name": [
      "Donald"
    ],
    "species": [
      "Human"
    ],
    "citizenship": [
      "American"
    ],
    "gender": [
      "Male"
    ],
    "affiliation": [
      "Kilgrave Victim Support Group"
    ],
    "actor": [
      "Paul Pryce"
    ],
    "status": [
      "Alive"
    ],
    "appearences": [
      {
        "source__title": "Jessica Jones (TV series)",
        "source__type": "tv series",
        "notes": "5 episodes"
      }
    ]
  }
]