[
  {
    "cid": "Gosnell",
    "real name": "Gosnell",
    "species": "Human",
    "citizenship": [
      "American"
    ],
    "gender": "Male",
    "DOD": "November 2015",
    "affiliation": [
      "United States Marine Corps (formerly)"
    ],
    "actor": "Nicholas Tucci",
    "status": "Deceased",
    "appearences": [
      {
        "source__title": "Daredevil (TV series)",
        "source__type": "tv series"
      },
      {
        "source__title": ".380",
        "source__type": "tv series"
      },
      {
        "source__title": "The Dark at the End of the Tunnel",
        "source__type": "tv series",
        "notes": "mentioned and photo"
      }
    ]
  }
]