[
  {
    "cid": "Cornell Stokes",
    "real name": "Cornell Bertram Stokes",
    "alias": [
      "Cottonmouth",
      "Thing One",
      "The King",
      "Charlie Mack",
      "Corny",
      "Gangster Number One",
      "Mo"
    ],
    "species": "Human",
    "citizenship": [
      "American"
    ],
    "affiliation": [
      "Stokes Crime Family",
      "Harlem's Paradise"
    ],
    "gender": "Male",
    "age": "42-43",
    "DOB": "1972-1973",
    "DOD": "November 30, 2015",
    "actor": [
      "Mahershala Ali",
      "Elijah Boothe (teenager)",
      "Jayden D. Brown (young)"
    ],
    "status": "Deceased",
    "appearences": [
      {
        "source__title": "Luke Cage (TV series)",
        "source__type": "tv series",
        "notes": "7 episodes"
      }
    ]
  }
]