[
  {
    "cid": "Clint",
    "real name": [
      "Clint"
    ],
    "alias": [],
    "species": [
      "Human"
    ],
    "citizenship": [
      "American"
    ],
    "gender": [
      "Male"
    ],
    "DOD": [
      "October 2015"
    ],
    "actor": [
      "Clyde Baldo"
    ],
    "status": [
      "Deceased"
    ],
    "appearences": [
      {
        "source__title": "Daredevil (TV series)",
        "source__type": "tv series"
      },
      {
        "source__title": "Dogs to a Gunfight",
        "source__type": "tv series"
      }
    ]
  }
]