[
  {
    "cid": "Claire Temple",
    "real name": [
      "Claire Temple"
    ],
    "alias": [
      "Hottie McBurner-Phone",
      "Night Nurse",
      "Sandra Lopez",
      "The Healer",
      "The Nurse"
    ],
    "species": [
      "Human"
    ],
    "citizenship": [
      "American"
    ],
    "gender": [
      "Female"
    ],
    "affiliation": [
      "Metro-General Hospital (formerly)",
      "Chikara Dojo (formerly)"
    ],
    "actor": [
      "Rosario Dawson"
    ],
    "status": [
      "Alive"
    ],
    "appearences": [
      {
        "source__title": "Daredevil (TV series)",
        "source__type": "tv series",
        "notes": "8 episodes"
      },
      {
        "source__title": "Jessica Jones (TV series)",
        "source__type": "tv series",
        "notes": "1 episode"
      },
      {
        "source__title": "Luke Cage (TV series)",
        "source__type": "tv series",
        "notes": "11 episodes"
      },
      {
        "source__title": "Iron Fist (TV series)",
        "source__type": "tv series",
        "notes": "6 episodes"
      },
      {
        "source__title": "The Defenders",
        "source__type": "tv series",
        "notes": "6 episodes"
      },
      {
        "source__title": "Jessica Jones (comic)",
        "source__type": "comic"
      }
    ]
  }
]