[
  {
    "cid": "Doris Toomes",
    "real name": [
      "Doris Toomes"
    ],
    "species": [
      "Human"
    ],
    "citizenship": [
      "American"
    ],
    "gender": [
      "Female"
    ],
    "actor": [
      "Garcelle Beauvais"
    ],
    "status": [
      "Alive"
    ],
    "appearences": [
      {
        "source__title": "Spider-Man: Homecoming",
        "source__type": "movie"
      },
      {
        "source__title": "Spider-Man: Far From Home Prelude",
        "source__type": "comic",
        "notes": "mentioned"
      }
    ]
  }
]