[
  {
    "cid": "Gamora's Mother",
    "species": "Zehoberei",
    "citizenship": [
      "Zen-Whoberian"
    ],
    "gender": "Female",
    "DOD": "1990s",
    "actor": "Ameenah Kaplan",
    "status": "Deceased",
    "appearences": [
      {
        "source__title": "Guardians of the Galaxy (film)",
        "source__type": "movie",
        "notes": "mentioned"
      },
      {
        "source__title": "Avengers: Infinity War",
        "source__type": "movie",
        "notes": "flashback"
      },
      {
        "source__title": "Avengers: Endgame Prelude",
        "source__type": "comic",
        "notes": "mentioned"
      }
    ]
  }
]