[
  {
    "cid": "Daniel Whitehall (Framework)",
    "real name": [
      "Werner Reinhardt"
    ],
    "alias": [
      "Daniel Whitehall"
    ],
    "species": [
      "Artificial Intelligence"
    ],
    "citizenship": [
      "Nazi German (Formerly)",
      "American"
    ],
    "gender": [
      "Male"
    ],
    "title": [
      "General",
      "Doctor"
    ],
    "DOD": [
      "2017"
    ],
    "affiliation": [
      "HYDRA"
    ],
    "actor": [
      "Reed Diamond"
    ],
    "status": [
      "Deleted"
    ],
    "appearences": [
      {
        "source__title": "Agents of S.H.I.E.L.D.",
        "source__type": "tv series"
      },
      {
        "source__title": "What If...",
        "source__type": "tv series",
        "notes": "mentioned in a newspaper"
      },
      {
        "source__title": "No Regrets",
        "source__type": "tv series",
        "notes": "pictured"
      }
    ]
  }
]