[
  {
    "cid": "Anderson (Aryan Brotherhood)",
    "real name": "D. Anderson",
    "species": "Human",
    "citizenship": [
      "American"
    ],
    "gender": "Male",
    "affiliation": [
      "Aryan Brotherhood"
    ],
    "DOD": "March 2017",
    "status": "Deceased",
    "appearences": [
      {
        "source__title": "Agents of S.H.I.E.L.D.",
        "source__type": "tv series"
      },
      {
        "source__title": "The Ghost",
        "source__type": "tv series"
      }
    ]
  }
]