[
  {
    "cid": "Eliza Schultz",
    "real name": [
      "Eliza Schultz"
    ],
    "alias": [
      "Mom",
      "Bitch Wife"
    ],
    "species": [
      "Human"
    ],
    "citizenship": [
      "American"
    ],
    "gender": [
      "Female"
    ],
    "affiliation": [
      "Testament Industries"
    ],
    "DOD": [
      "May 2018"
    ],
    "actor": [
      "Annette O'Toole"
    ],
    "status": [
      "Deceased"
    ],
    "appearences": [
      {
        "source__title": "The Punisher",
        "source__type": "tv series",
        "notes": "4 episodes"
      }
    ]
  }
]