[
  {
    "cid": "Daisy Johnson",
    "real name": "Daisy Johnson",
    "alias": [
      "Quake",
      "Skye",
      "Sweaty Cosplay Girl",
      "Mary Sue Poots",
      "Wide-Eyed Little Freshman",
      "Kidnap Victim",
      "D",
      "Rookie",
      "Doctor Nugent",
      "Agent Melinda May",
      "Angel-Eyes",
      "Tremors",
      "Сестра<ref>Translated from Russian: ''Sister''</ref>",
      "Jacqueline Rippon",
      "Shake'n Bake (with Lincoln Campbell)",
      "Flower",
      "Chickadee",
      "Detective",
      "Little Miss Richter Scale",
      "Agent Quake",
      "Destroyer of Worlds",
      "Sweetheart",
      "Sinara Smith",
      "Daughter of a Monarch",
      "Princess",
      "Omega Daisy",
      "Ashlyn",
      "Hacker",
      "Kid",
      "Swazzy Daisy"
    ],
    "species": "Inhuman",
    "citizenship": [
      "American"
    ],
    "gender": "Female",
    "DOB": "July 2, 1988",
    "title": [
      "0-8-4",
      "\"Hacktivist\"",
      "Agent of S.H.I.E.L.D. ",
      "Field Agent",
      "Director of S.H.I.E.L.D. (formerly)"
    ],
    "affiliation": [
      "Rising Tide (formerly)",
      "SHD3*SHDC (formerly)*SCW (formerly)",
      "",
      "Framework*HYDF (unknowingly; formerly)*SHDF (formerly)"
    ],
    "actor": "Chloe Bennet",
    "status": "Alive",
    "appearences": [
      {
        "source__title": "Agents of S.H.I.E.L.D.",
        "source__type": "tv series",
        "notes": "135 episodes"
      },
      {
        "source__title": "Agents of S.H.I.E.L.D.: Slingshot",
        "source__type": "web series",
        "notes": "3 episodes"
      },
      {
        "source__title": "Agents of S.H.I.E.L.D.: The Chase",
        "source__type": "comic"
      }
    ]
  }
]