[
  {
    "cid": "Caldwell",
    "real name": [
      "M. Caldwell"
    ],
    "species": [
      "Human"
    ],
    "citizenship": [
      "American"
    ],
    "gender": [
      "Female"
    ],
    "age": [],
    "affiliation": [
      "New York Bulletin (formerly)"
    ],
    "actor": [
      "Kassia Miller"
    ],
    "status": [
      "In Custody"
    ],
    "appearences": [
      {
        "source__title": "Daredevil (TV series)",
        "source__type": "tv series",
        "notes": "3 episodes"
      }
    ]
  }
]