[
  {
    "cid": "Doyle",
    "real name": [
      "Doyle"
    ],
    "species": [
      "Human"
    ],
    "citizenship": [
      "American"
    ],
    "gender": [
      "Male"
    ],
    "title": [
      "Agent (formerly)"
    ],
    "affiliation": [
      "FBI (formerly)"
    ],
    "actor": [
      "Richard Prioleau"
    ],
    "status": [
      "In Custody"
    ],
    "appearences": [
      {
        "source__title": "Daredevil (TV series)",
        "source__type": "tv series",
        "notes": "4 episodes"
      }
    ]
  }
]