[
  {
    "cid": "Dottie Underwood",
    "real name": "",
    "alias": [
      "Dorothy Underwood",
      "Dottie Underwood",
      "Ida Emke",
      "Dot",
      "Iowa",
      "Tony Zale"
    ],
    "species": "Human",
    "citizenship": [
      "Soviet"
    ],
    "gender": "Female",
    "DOB": "1927",
    "affiliation": [
      "Red Room (formerly)",
      "*Red Room Academy (formerly)",
      "Leviathan (formerly)"
    ],
    "actor": [
      "Bridget Regan",
      "Veronika Bonell (young)"
    ],
    "status": "Unknown",
    "appearences": [
      {
        "source__title": "Agent Carter (TV series)",
        "source__type": "tv series",
        "notes": "10 episodes"
      }
    ]
  }
]