[
  {
    "cid": "Elihas Starr",
    "real name": [
      "Elihas Starr"
    ],
    "alias": [
      "Son of a Bitch",
      "Traitor"
    ],
    "species": [
      "Human"
    ],
    "citizenship": [
      "British",
      "English"
    ],
    "affiliation": [
      "S.H.I.E.L.D. (formerly)"
    ],
    "gender": [
      "Male"
    ],
    "actor": [
      "Michael Cerveris"
    ],
    "status": [
      "Deceased"
    ],
    "appearences": [
      {
        "source__title": "Ant-Man and the Wasp",
        "source__type": "movie"
      }
    ]
  }
]