[
  {
    "cid": "Deke Shaw",
    "real name": [
      "Deke Shaw"
    ],
    "alias": [
      "Snake",
      "Pragmatist",
      "Genius",
      "Huckleberry",
      "Life-Model Decoy",
      "Einstein",
      "Scrappy-Doo",
      "Sweetie",
      "A Deke",
      "Kid",
      "Spaceman",
      "Idiot",
      "Bro",
      "Lemons",
      "Canary in a Coal Mine",
      "Squirrel",
      "Damaged Person",
      "Commander",
      "Visionary",
      "Bae",
      "Mystery Man",
      "Mastermind",
      "Talker",
      "Target",
      "Code Yellow",
      "Exhausting",
      "Old Deke",
      "Guy From Future",
      "Motormouth",
      "Tech Billionaire",
      "Man Out Of Time",
      "Wizard",
      "Work in Progress",
      "Hack",
      "Loser",
      "Nothing",
      "Joke",
      "Cowboy",
      "D"
    ],
    "species": [
      "Human"
    ],
    "gender": [
      "Male"
    ],
    "DOB": [
      "2060s (alternate universe)"
    ],
    "citizenship": [
      "Lighthouse (formerly)"
    ],
    "affiliation": [
      "True Believers (alternate universe; formerly)",
      "S.H.I.E.L.D.",
      "Deke Shaw's Company"
    ],
    "title": [
      "CEO",
      "Agent of S.H.I.E.L.D."
    ],
    "actor": [
      "Jeff Ward"
    ],
    "status": [
      "Alive"
    ],
    "appearences": [
      {
        "source__title": "Agents of S.H.I.E.L.D.",
        "source__type": "tv series",
        "notes": "40 episodes"
      }
    ]
  }
]