[
  {
    "cid": "Andrei Veznikov",
    "real name": [
      "Andrei Veznikov"
    ],
    "alias": [],
    "species": [
      "Human"
    ],
    "citizenship": [
      "Russian"
    ],
    "affiliation": [
      "Hand"
    ],
    "gender": [
      "Male"
    ],
    "actor": [
      "Nikita Bogolyubov"
    ],
    "status": [
      "Alive"
    ],
    "appearences": [
      {
        "source__title": "Iron Fist (TV series)",
        "source__type": "tv series"
      },
      {
        "source__title": "Immortal Emerges from Cave",
        "source__type": "tv series"
      }
    ]
  }
]