[
  {
    "cid": "Ellen Nadeer",
    "real name": [
      "Ellen Nadeer"
    ],
    "alias": [
      "Anti-Inhuman Hatemonger",
      "Public Inhuman Hater #1"
    ],
    "species": [
      "Human"
    ],
    "citizenship": [
      "American"
    ],
    "gender": [
      "Female"
    ],
    "title": [
      "Senator"
    ],
    "affiliation": [
      "United States Congress",
      "*Finance Committee",
      "Humans First Movement"
    ],
    "actor": [
      "Parminder Nagra"
    ],
    "DOD": [
      "April 2017<ref name=\"AoS413\">''Agents of S.H.I.E.L.D.: 4.13: BOOM''</ref>"
    ],
    "status": [
      "Deceased"
    ],
    "appearences": [
      {
        "source__title": "Agents of S.H.I.E.L.D.",
        "source__type": "tv series",
        "notes": "5 episodes"
      }
    ]
  }
]