[
  {
    "cid": "Alveus",
    "real name": [
      "Alveus"
    ],
    "gender": [
      "Male (original form)"
    ],
    "DOD": [
      "June 2016"
    ],
    "alias": [
      "Hive",
      "Death",
      "Hell-Beast",
      "Will Daniels",
      "Grant Ward",
      "The HYDRA God",
      "You-Know-Who",
      "Our Guest",
      "Nathaniel Malick",
      "The Devil",
      "Zombie-Ward",
      "Giant Maggot",
      "Aladdin",
      "The Big Man",
      "Failed Experiment",
      "Ward Reboot Nightmare Hell-Beast",
      "Hive the Terrible",
      "The Great Alveus",
      "Parasite"
    ],
    "species": [
      "Inhuman (formerly Human)"
    ],
    "affiliation": [
      "HYDRA (formerly)"
    ],
    "actor": [
      "Dillon Casey (in Will Daniels' body)",
      "Brett Dalton (in Grant Ward's body)",
      "Jason Glover (original form)"
    ],
    "status": [
      "Deceased"
    ],
    "appearences": [
      {
        "source__title": "Agents of S.H.I.E.L.D.",
        "source__type": "tv series",
        "notes": "12 episodes"
      }
    ]
  }
]