[
  {
    "cid": "Alisha Whitley",
    "real name": [
      "Alisha Whitley"
    ],
    "alias": [
      "Ginger Ninjas",
      "Red Heads"
    ],
    "species": [
      "Inhuman"
    ],
    "citizenship": [
      "American"
    ],
    "gender": [
      "Female"
    ],
    "DOD": [
      "June 2016"
    ],
    "actor": [
      "Alicia Vela-Bailey"
    ],
    "status": [
      "Deceased"
    ],
    "appearences": [
      {
        "source__title": "Agents of S.H.I.E.L.D.",
        "source__type": "tv series",
        "notes": "6 episodes"
      }
    ]
  }
]