[
  {
    "cid": "Dutton",
    "real name": "Dutton",
    "alias": [
      "Kingpin",
      "Asshole"
    ],
    "species": "Human",
    "citizenship": [
      "American"
    ],
    "gender": "Male",
    "DOD": "November 17, 2015",
    "actor": "William Forsythe",
    "status": "Deceased",
    "appearences": [
      {
        "source__title": "Daredevil (TV series)",
        "source__type": "tv series"
      },
      {
        "source__title": "Seven Minutes in Heaven",
        "source__type": "tv series"
      }
    ]
  }
]