[
  {
    "cid": "Enoch",
    "real name": [
      "Enoch Coltrane"
    ],
    "alias": [
      "Single Male",
      "Robot",
      "Son of a Bitch",
      "Fitz' New Friend",
      "Metal Man",
      "Plastic",
      "Automaton",
      "Weird Robot",
      "Buddy",
      "Advanced Computer",
      "Player Three",
      "Compadre",
      "Creepy Bald Dude",
      "Dolphin",
      "Synth",
      "Robot Friend",
      "Spec of Dust In the Infinite",
      "Afterthought in the Worm-Ridden Mind of the Black Void",
      "Infinite Nothing",
      "Massive Pain in the Ass",
      "Cautionary Tale",
      "Good Friend",
      "Useless No Good Automaton",
      "Synthetic",
      "Super Advanced Computer",
      "Traitor",
      "Isaiah"
    ],
    "species": [
      "Chronicom"
    ],
    "gender": [
      "None (masculine appearance & voice)"
    ],
    "affiliation": [
      "Chronicom Hunters (undercover; formerly)",
      "S.H.I.E.L.D."
    ],
    "title": [
      "Anthropologist (formerly)",
      "Hunter (undercover; formerly)"
    ],
    "age": [
      "Over 32,000 Earth years"
    ],
    "DOD": [
      "2091 (alternate timeline)"
    ],
    "actor": [
      "Joel Stoffer",
      "Jan Uddin (with Isaiah's skin)"
    ],
    "status": [
      "Alive",
      "Deceased (alternate timeline)"
    ],
    "appearences": [
      {
        "source__title": "Agents of S.H.I.E.L.D.",
        "source__type": "tv series",
        "notes": "17 episodes"
      }
    ]
  }
]