[
  {
    "cid": "Bucky Barnes",
    "real name": [
      "James Buchanan Barnes"
    ],
    "alias": [
      "Bucky Barnes",
      "Winter Soldier",
      "Buck",
      "Sarge",
      "Prisoner #56898",
      "Солдат<ref>Translates from Russian to \"Soldier\"</ref>",
      "The Asset",
      "The New Fist of HYDRA",
      "Fallen Comrade",
      "The Shooter",
      "Ghost",
      "Manchurian Candidate",
      "Broken White Boy",
      "White Wolf",
      "Semi-Stable 100-Year-Old Man"
    ],
    "species": [
      "Human (Cyborg)"
    ],
    "citizenship": [
      "American",
      "Soviet (briefly)"
    ],
    "gender": [
      "Male"
    ],
    "age": [
      "107 (alive for 101 years; biologically 30-34)"
    ],
    "DOB": [
      "March 10, 1917"
    ],
    "DOD": [
      "Spring 2018 (victim of the Snap; resurrected by Hulk in 2023)"
    ],
    "title": [
      "Sergeant (formerly)"
    ],
    "affiliation": [
      "United States Army (formerly)",
      "*107 (formerly)",
      "Howling Commandos (formerly)",
      "HYDRA (formerly,brainwashed)",
      "*Winter Soldier Program (formerly, brainwashed)",
      "*Winter Soldiers (formerly, brainwashed)"
    ],
    "actor": [
      "Sebastian Stan"
    ],
    "voice actor": [
      "Roger Craig Smith"
    ],
    "status": [
      "Alive"
    ],
    "appearences": [
      {
        "source__title": "Iron Man 2",
        "source__type": "movie",
        "notes": "mentioned"
      },
      {
        "source__title": "Captain America: The First Avenger",
        "source__type": "movie"
      },
      {
        "source__title": "Captain America: The Winter Soldier",
        "source__type": "movie"
      },
      {
        "source__title": "Avengers: Age of Ultron",
        "source__type": "movie",
        "notes": "mentioned"
      },
      {
        "source__title": "Ant-Man (film)",
        "source__type": "movie",
        "notes": "post-credits scene"
      },
      {
        "source__title": "Captain America: Civil War",
        "source__type": "movie"
      },
      {
        "source__title": "Spider-Man: Homecoming",
        "source__type": "movie",
        "notes": "picture"
      },
      {
        "source__title": "Black Panther (film)",
        "source__type": "movie",
        "notes": "post-credits scene"
      },
      {
        "source__title": "Avengers: Infinity War",
        "source__type": "movie"
      },
      {
        "source__title": "Avengers: Endgame",
        "source__type": "movie"
      },
      {
        "source__title": "Spider-Man: Far From Home",
        "source__type": "movie",
        "notes": "picture"
      },
      {
        "source__title": "Agents of S.H.I.E.L.D.",
        "source__type": "tv series",
        "notes": "picture"
      },
      {
        "source__title": "The Falcon and the Winter Soldier",
        "source__type": "tv series",
        "notes": "6 episodes; unreleased"
      },
      {
        "source__title": "WHiH Newsfront (web series)",
        "source__type": "web series",
        "notes": "footage"
      },
      {
        "source__title": "Captain America: First Vengeance",
        "source__type": "comic"
      },
      {
        "source__title": "Captain America: The First Avenger Adaptation",
        "source__type": "comic"
      },
      {
        "source__title": "The Avengers Adaptation",
        "source__type": "comic",
        "notes": "flashback"
      },
      {
        "source__title": "Avengers: Age of Ultron Prelude - This Scepter'd Isle",
        "source__type": "comic"
      },
      {
        "source__title": "Avengers: Operation HYDRA",
        "source__type": "comic",
        "notes": "picture"
      },
      {
        "source__title": "Captain America: Civil War Prelude",
        "source__type": "comic"
      },
      {
        "source__title": "Captain America: Civil War Prelude Infinite Comic",
        "source__type": "comic"
      },
      {
        "source__title": "Spider-Man: Homecoming Prelude",
        "source__type": "comic"
      },
      {
        "source__title": "Avengers: Infinity War Prelude",
        "source__type": "comic"
      },
      {
        "source__title": "Captain Marvel Prelude",
        "source__type": "comic",
        "notes": "footage"
      },
      {
        "source__title": "Avengers: Endgame Prelude",
        "source__type": "comic"
      },
      {
        "source__title": "Black Widow Prelude",
        "source__type": "comic",
        "notes": "flashbacks"
      }
    ]
  }
]