[
  {
    "cid": "Carl (Central Park)",
    "real name": [
      "Carl"
    ],
    "species": [
      "Human"
    ],
    "citizenship": [
      "American"
    ],
    "gender": [
      "Male"
    ],
    "actor": [
      "Josh Caras"
    ],
    "status": [
      "Alive"
    ],
    "appearences": [
      {
        "source__title": "The Punisher",
        "source__type": "tv series"
      },
      {
        "source__title": "Memento Mori",
        "source__type": "tv series"
      },
      {
        "source__title": "Nakazat",
        "source__type": "tv series",
        "notes": "mentioned"
      }
    ]
  }
]