[
  {
    "cid": "Carla",
    "real name": [
      "Carla"
    ],
    "species": [
      "Human"
    ],
    "citizenship": [
      "American"
    ],
    "gender": [
      "Female"
    ],
    "affiliation": [
      "''NYB''"
    ],
    "actor": [
      "Antu Yacob"
    ],
    "status": [
      "Alive"
    ],
    "appearences": [
      {
        "source__title": "Daredevil (TV series)",
        "source__type": "tv series"
      },
      {
        "source__title": "Aftermath",
        "source__type": "tv series"
      }
    ]
  }
]