[
  {
    "cid": "Albert Rackham",
    "real name": "Albert Rackham",
    "alias": [
      "Son of a Bitch",
      "Smart Son of a Bitch",
      "Smart Dude",
      "Juiced-In Guard"
    ],
    "title": "",
    "species": "Human",
    "citizenship": [
      "American"
    ],
    "affiliation": [
      "Seagate Prison"
    ],
    "gender": "Male",
    "actor": "Chance Kelly",
    "DOD": "August 5, 2013",
    "status": "Deceased",
    "appearences": [
      {
        "source__title": "Luke Cage (TV series)",
        "source__type": "tv series",
        "notes": "1 episode"
      }
    ]
  }
]