[
  {
    "cid": "Edward Nelson",
    "real name": [
      "Edward Nelson"
    ],
    "alias": [],
    "species": [
      "Human"
    ],
    "citizenship": [
      "American"
    ],
    "gender": [
      "Male"
    ],
    "affiliation": [
      "Nelson's Meats"
    ],
    "actor": [
      "Michael Mulheren"
    ],
    "status": [
      "Alive"
    ],
    "appearences": [
      {
        "source__title": "Daredevil (TV series)",
        "source__type": "tv series",
        "notes": "3 episodes"
      }
    ]
  }
]