[
  {
    "cid": "Franklin Hall",
    "real name": [
      "Franklin Hall"
    ],
    "alias": [
      "Frank Hall"
    ],
    "species": [
      "Human"
    ],
    "citizenship": [
      "Canadian"
    ],
    "gender": [
      "Male"
    ],
    "title": [
      "Doctor"
    ],
    "affiliation": [
      "Cambridge University (formerly)",
      "S.H.I.E.L.D. (formerly)",
      "S.H.I.E.L.D. Academy of Science and Technology (formerly)"
    ],
    "actor": [
      "Ian Hart"
    ],
    "status": [
      "Deceased"
    ],
    "DOD": [
      "2013"
    ],
    "appearences": [
      {
        "source__title": "Agents of S.H.I.E.L.D.",
        "source__type": "tv series",
        "notes": "1 episode"
      }
    ]
  }
]