[
  {
    "cid": "Clint Barton",
    "real name": [
      "Clinton Francis Barton"
    ],
    "alias": [
      "Clint Barton",
      "Hawkeye",
      "Greatest Living Marksman on the Planet",
      "Tall, Dark and Unauthorized",
      "Watchdog",
      "The Hawk",
      "Stick in the Mud",
      "A Couple of Master Assassins (with Black Widow)",
      "Legolas",
      "Honey",
      "Old Man",
      "Arrow Guy",
      "Ronin",
      "Son of Edith",
      "Earthly Being"
    ],
    "species": [
      "Human"
    ],
    "citizenship": [
      "American"
    ],
    "gender": [
      "Male"
    ],
    "title": [
      "Agent of S.H.I.E.L.D. (formerly)"
    ],
    "affiliation": [
      "S.H.I.E.L.D. (formerly)",
      "*STRD (formerly)",
      "Avengers (formerly)"
    ],
    "actor": [
      "Jeremy Renner"
    ],
    "status": [
      "Alive"
    ],
    "appearences": [
      {
        "source__title": "Thor (film)",
        "source__type": "movie"
      },
      {
        "source__title": "The Avengers",
        "source__type": "movie"
      },
      {
        "source__title": "Avengers: Age of Ultron",
        "source__type": "movie"
      },
      {
        "source__title": "Captain America: Civil War",
        "source__type": "movie"
      },
      {
        "source__title": "Spider-Man: Homecoming",
        "source__type": "movie",
        "notes": "drawing"
      },
      {
        "source__title": "Avengers: Infinity War",
        "source__type": "movie",
        "notes": "mentioned"
      },
      {
        "source__title": "Avengers: Endgame",
        "source__type": "movie"
      },
      {
        "source__title": "Spider-Man: Far From Home",
        "source__type": "movie",
        "notes": "picture"
      },
      {
        "source__title": "Agents of S.H.I.E.L.D.",
        "source__type": "tv series",
        "notes": "mentioned"
      },
      {
        "source__title": "Hawkeye (TV series)",
        "source__type": "tv series",
        "notes": "unreleased"
      },
      {
        "source__title": "WHiH Newsfront (web series)",
        "source__type": "web series",
        "notes": "footage"
      },
      {
        "source__title": "Team Thor",
        "source__type": "web series",
        "notes": "drawing"
      },
      {
        "source__title": "Team Thor: Part 2",
        "source__type": "web series",
        "notes": "drawing"
      },
      {
        "source__title": "The Avengers Prelude: Fury's Big Week",
        "source__type": "comic"
      },
      {
        "source__title": "The Avengers Prelude: Black Widow Strikes",
        "source__type": "comic",
        "notes": "footage"
      },
      {
        "source__title": "The Avengers: The Avengers Initiative",
        "source__type": "comic"
      },
      {
        "source__title": "Iron Man 3 Prelude",
        "source__type": "comic"
      },
      {
        "source__title": "Thor Adaptation",
        "source__type": "comic"
      },
      {
        "source__title": "Thor: The Dark World Prelude",
        "source__type": "comic"
      },
      {
        "source__title": "The Avengers Adaptation",
        "source__type": "comic"
      },
      {
        "source__title": "Avengers: Operation HYDRA",
        "source__type": "comic"
      },
      {
        "source__title": "Spider-Man: Homecoming Prelude",
        "source__type": "comic"
      },
      {
        "source__title": "Avengers: Infinity War Prelude",
        "source__type": "comic"
      },
      {
        "source__title": "Captain Marvel Prelude",
        "source__type": "comic",
        "notes": "footage"
      },
      {
        "source__title": "Black Widow Prelude",
        "source__type": "comic",
        "notes": "flashbacks"
      }
    ]
  }
]