[
  {
    "cid": "Eva",
    "real name": "Eva",
    "species": "Human",
    "citizenship": [
      "Soviet"
    ],
    "gender": "Female",
    "age": "",
    "affiliation": [
      "Red Room"
    ],
    "actor": "Chiara Aurelia",
    "status": "Alive",
    "appearences": [
      {
        "source__title": "Agent Carter (TV series)",
        "source__type": "tv series"
      },
      {
        "source__title": "The Iron Ceiling",
        "source__type": "tv series"
      },
      {
        "source__title": "Snafu",
        "source__type": "tv series",
        "notes": "mentioned"
      }
    ]
  }
]