[
  {
    "cid": "Englishman",
    "real name": "",
    "alias": "The Englishman",
    "species": "Human (Cyborg)",
    "citizenship": [
      "British",
      "English"
    ],
    "gender": "Male",
    "DOD": "2013",
    "affiliation": [
      "MI6 (formerly)",
      "HYDRA (undercoercion)"
    ],
    "actor": "Dominic Burgess",
    "status": "Deceased",
    "appearences": [
      {
        "source__title": "Agents of S.H.I.E.L.D.",
        "source__type": "tv series"
      },
      {
        "source__title": "Eye-Spy",
        "source__type": "tv series"
      }
    ]
  }
]