[
  {
    "cid": "Beringer",
    "real name": [
      "Beringer"
    ],
    "alias": [],
    "species": [
      "Human"
    ],
    "gender": [
      "Male"
    ],
    "citizenship": [
      "American"
    ],
    "affiliation": [
      "United States Marine Corps (formerly)",
      "SSR"
    ],
    "title": [
      "Agent of SSR"
    ],
    "status": [
      "Deceased"
    ],
    "appearences": [
      {
        "source__title": "Agent Carter (TV series)",
        "source__type": "tv series"
      },
      {
        "source__title": "A View in the Dark",
        "source__type": "tv series"
      },
      {
        "source__title": "Better Angels",
        "source__type": "tv series",
        "notes": "mentioned"
      }
    ]
  }
]