[
  {
    "cid": "Fred Wells",
    "real name": [
      "Fred Wells"
    ],
    "species": [
      "Human"
    ],
    "citizenship": [
      "British",
      "English"
    ],
    "gender": [
      "Male"
    ],
    "title": [
      "Lieutenant"
    ],
    "affiliation": [
      "British Armed Forces"
    ],
    "actor": [
      "Kevin Changaris"
    ],
    "status": [
      "Alive"
    ],
    "appearences": [
      {
        "source__title": "Agent Carter (TV series)",
        "source__type": "tv series"
      },
      {
        "source__title": "Smoke & Mirrors",
        "source__type": "tv series"
      }
    ]
  }
]