[
  {
    "cid": "Dallas Wyatt",
    "real name": [
      "Dallas Wyatt"
    ],
    "species": [
      "Human"
    ],
    "citizenship": [
      "American"
    ],
    "gender": [
      "Male"
    ],
    "affiliation": [
      "Watchdogs"
    ],
    "actor": [
      "Trenton Rostedt"
    ],
    "status": [
      "Alive"
    ],
    "appearences": [
      {
        "source__title": "Agents of S.H.I.E.L.D.",
        "source__type": "tv series"
      },
      {
        "source__title": "Watchdogs (episode)",
        "source__type": "tv series"
      }
    ]
  }
]