[
  {
    "cid": "Donald Blake",
    "real name": [
      "Donald J. Blake"
    ],
    "DOB": [
      "November 21, 1984<ref name=\"Blake's Birthday\">Donald Blake's Birth Date - November 21, 1984</ref>"
    ],
    "species": [
      "Human"
    ],
    "citizenship": [
      "American"
    ],
    "gender": [
      "Male"
    ],
    "title": [
      "Doctor"
    ],
    "status": [
      "Alive"
    ],
    "appearences": [
      {
        "source__title": "Thor (film)",
        "source__type": "movie",
        "notes": "mentioned"
      }
    ]
  }
]