[
  {
    "cid": "Geoffrey Wilder",
    "real name": "Geoffrey Wilder",
    "alias": [
      "G",
      "Big Homie",
      "Big G",
      "Player",
      "G-Man",
      "Big Bald Teddy Bear",
      "G Wild",
      "Big Guy",
      "James Bradner",
      "G. Wild",
      "Big Fella"
    ],
    "species": "Human",
    "gender": "Male",
    "title": "CEO of Geoffrey Wilder Construction Inc.",
    "citizenship": [
      "American"
    ],
    "affiliation": [
      "Crips (formerly)",
      "Geoffrey Wilder Construction Inc.",
      "PRIDE",
      "Wizard (formerly)",
      "Wilder Innovators (alternate timeline)"
    ],
    "actor": "Ryan Sands",
    "status": "Alive",
    "appearences": [
      {
        "source__title": "Runaways (TV series)",
        "source__type": "tv series",
        "notes": "30 episodes"
      }
    ]
  }
]