[
  {
    "cid": "Eddie Axton",
    "real name": [
      "Eddie Axton"
    ],
    "alias": [],
    "species": [
      "Human"
    ],
    "citizenship": [
      "American"
    ],
    "gender": [
      "Male"
    ],
    "actor": [
      "Mike Britt"
    ],
    "status": [
      "Alive"
    ],
    "appearences": [
      {
        "source__title": "Luke Cage (TV series)",
        "source__type": "tv series"
      },
      {
        "source__title": "Just to Get a Rep",
        "source__type": "tv series"
      },
      {
        "source__title": "Can't Front on Me",
        "source__type": "tv series",
        "notes": "mentioned"
      }
    ]
  }
]