[
  {
    "cid": "Bernie",
    "real name": "Bernie",
    "species": "Human",
    "gender": "Male",
    "title": "Chief",
    "affiliation": [
      "Fagan Corners Police Department"
    ],
    "citizenship": [
      "American"
    ],
    "actor": "Robert Vincent Smith",
    "status": "Alive",
    "appearences": [
      {
        "source__title": "Daredevil (TV series)",
        "source__type": "tv series"
      },
      {
        "source__title": "Karen (episode)",
        "source__type": "tv series",
        "notes": "flashback"
      }
    ]
  }
]