[
  {
    "cid": "Cooper Barton",
    "real name": [
      "Cooper Barton"
    ],
    "alias": [
      "Buddy",
      "Smaller Agent"
    ],
    "species": [
      "Human"
    ],
    "citizenship": [
      "American"
    ],
    "gender": [
      "Male"
    ],
    "DOD": [
      "Spring 2018 (victim of the Snap; resurrected by Hulk in 2023)"
    ],
    "actor": [
      "Ben Sakamoto"
    ],
    "status": [
      "Alive"
    ],
    "appearences": [
      {
        "source__title": "Avengers: Age of Ultron",
        "source__type": "movie"
      },
      {
        "source__title": "Captain America: Civil War",
        "source__type": "movie",
        "notes": "mentioned"
      },
      {
        "source__title": "Avengers: Endgame",
        "source__type": "movie"
      },
      {
        "source__title": "Avengers: Infinity War Prelude",
        "source__type": "comic"
      }
    ]
  }
]