[
  {
    "cid": "Arinori",
    "real name": [
      "Arinori"
    ],
    "species": [
      "Human"
    ],
    "citizenship": [
      "American"
    ],
    "gender": [
      "Male"
    ],
    "DOD": [
      "Late 2017"
    ],
    "title": [
      "Agent"
    ],
    "affiliation": [
      "FBI"
    ],
    "actor": [
      "Don Castro"
    ],
    "status": [
      "Deceased"
    ],
    "appearences": [
      {
        "source__title": "Daredevil (TV series)",
        "source__type": "tv series",
        "notes": "6 episodes"
      }
    ]
  }
]