[
  {
    "cid": "Garcia (Veteran)",
    "real name": "Garcia",
    "species": "Human",
    "citizenship": [
      "American"
    ],
    "gender": "Female",
    "affiliation": [
      "United States Army (formerly)"
    ],
    "actor": "Angela Russo-Otstot",
    "status": "Alive",
    "appearences": [
      {
        "source__title": "Captain America: The Winter Soldier",
        "source__type": "movie"
      },
      {
        "source__title": "Captain America: Civil War Prelude",
        "source__type": "comic"
      }
    ]
  }
]