[
  {
    "cid": "Aito",
    "real name": [
      "Aito"
    ],
    "species": [
      "Human"
    ],
    "citizenship": [
      "Japanese"
    ],
    "gender": [
      "Male"
    ],
    "affiliation": [
      "Hand"
    ],
    "actor": [
      "Yasu Suzuki"
    ],
    "status": [
      "Deceased"
    ],
    "appearences": [
      {
        "source__title": "Daredevil (TV series)",
        "source__type": "tv series"
      },
      {
        "source__title": "Stick (episode)",
        "source__type": "tv series"
      }
    ]
  }
]