[
  {
    "cid": "Bruce Banner",
    "real name": [
      "Robert Bruce Banner<ref name=\"TIHTFF1\">''The Incredible Hulk: The Fury Files'', Volume 1</ref>"
    ],
    "alias": [
      "Bruce Banner",
      "Hulk",
      "The Incredible Hulk",
      "Gringo",
      "Mr. Green",
      "Mysterious Friend",
      "White Man at the Bottling Plant",
      "Freak Accident",
      "David B",
      "The Green Guy",
      "The Big Green Dude",
      "The American",
      "The Target",
      "The Green One",
      "The Pioneer in Gamma Radiation",
      "The Big Guy",
      "Doc",
      "A Mindless Beast",
      "Big Man",
      "Enormous Green Rage Monster",
      "Force of Nature on Legs",
      "Man With Breathtaking Anger Management Issues",
      "The Beast",
      "The Big One",
      "The Other Guy",
      "Green Monster",
      "Green Sasquatch",
      "Big Green Guy",
      "Mad Scientist",
      "Jade Jaws",
      "Green Snowman",
      "Dull Creature",
      "Incredible Green Guy",
      "Grandmaster's Champion",
      "Beloved Champion",
      "The Defending",
      "Stupid Avenger",
      "Hot-Headed Fool",
      "Real Fire",
      "Raging Fire",
      "Strongest Avenger",
      "Green Fool",
      "Fred",
      "Big Green Asshole",
      "Big Brain",
      "Mr. Hulk",
      "Big Green",
      "Jolly Green",
      "Dull"
    ],
    "species": [
      "Human"
    ],
    "citizenship": [
      "American",
      "Sakaaran (formerly)"
    ],
    "gender": [
      "Male"
    ],
    "DOB": [
      "December 18, 1969"
    ],
    "age": [
      "54"
    ],
    "title": [
      "Doctor",
      "Champion"
    ],
    "affiliation": [
      "30px Harvard University (formerly)",
      "Culver University (formerly)",
      "Pingo Doce Bottling Plant (formerly)",
      "Avengers (formerly)",
      "Revengers (formerly)"
    ],
    "actor": [
      "Edward Norton",
      "Mark Ruffalo",
      "Taika Waititi (motion capture)"
    ],
    "voice actor": [
      "Lou Ferrigno",
      "J.B. Blanc",
      "J.D. Hall",
      "Fred Tatasciore",
      "Jonathan Lipow"
    ],
    "status": [
      "Alive"
    ],
    "appearences": [
      {
        "source__title": "The Incredible Hulk",
        "source__type": "movie"
      },
      {
        "source__title": "Thor (film)",
        "source__type": "movie",
        "notes": "mentioned"
      },
      {
        "source__title": "The Avengers",
        "source__type": "movie"
      },
      {
        "source__title": "Iron Man 3",
        "source__type": "movie",
        "notes": "post-credits scene"
      },
      {
        "source__title": "Captain America: The Winter Soldier",
        "source__type": "movie",
        "notes": "mentioned"
      },
      {
        "source__title": "Avengers: Age of Ultron",
        "source__type": "movie"
      },
      {
        "source__title": "Captain America: Civil War",
        "source__type": "movie",
        "notes": "footage"
      },
      {
        "source__title": "Spider-Man: Homecoming",
        "source__type": "movie",
        "notes": "picture"
      },
      {
        "source__title": "Thor: Ragnarok",
        "source__type": "movie"
      },
      {
        "source__title": "Avengers: Infinity War",
        "source__type": "movie"
      },
      {
        "source__title": "Captain Marvel (film)",
        "source__type": "movie",
        "notes": "mid-credits scene"
      },
      {
        "source__title": "Avengers: Endgame",
        "source__type": "movie"
      },
      {
        "source__title": "Marvel One-Shot: The Consultant",
        "source__type": "oneshot",
        "notes": "mentioned"
      },
      {
        "source__title": "Agents of S.H.I.E.L.D.",
        "source__type": "tv series",
        "notes": "mentioned"
      },
      {
        "source__title": "Daredevil (TV series)",
        "source__type": "tv series",
        "notes": "picture"
      },
      {
        "source__title": "Jessica Jones (TV series)",
        "source__type": "tv series",
        "notes": "mentioned"
      },
      {
        "source__title": "Luke Cage (TV series)",
        "source__type": "tv series",
        "notes": "mentioned"
      },
      {
        "source__title": "Iron Fist (TV series)",
        "source__type": "tv series",
        "notes": "mentioned"
      },
      {
        "source__title": "The Defenders",
        "source__type": "tv series",
        "notes": "picture"
      },
      {
        "source__title": "The Punisher",
        "source__type": "tv series",
        "notes": "picture"
      },
      {
        "source__title": "WHiH Newsfront (web series)",
        "source__type": "web series",
        "notes": "mentioned"
      },
      {
        "source__title": "Team Thor",
        "source__type": "web series"
      },
      {
        "source__title": "The Incredible Hulk: The Fury Files",
        "source__type": "comic"
      },
      {
        "source__title": "The Incredible Hulk: The Big Picture",
        "source__type": "comic"
      },
      {
        "source__title": "The Avengers Prelude: Fury's Big Week",
        "source__type": "comic"
      },
      {
        "source__title": "The Avengers Prelude: Black Widow Strikes",
        "source__type": "comic",
        "notes": "computer screen"
      },
      {
        "source__title": "The Avengers: The Avengers Initiative",
        "source__type": "comic",
        "notes": "flashback"
      },
      {
        "source__title": "Iron Man 3 Prelude",
        "source__type": "comic"
      },
      {
        "source__title": "Thor: The Dark World Prelude",
        "source__type": "comic"
      },
      {
        "source__title": "The Avengers Adaptation",
        "source__type": "comic"
      },
      {
        "source__title": "Avengers: Age of Ultron Prelude - This Scepter'd Isle",
        "source__type": "comic"
      },
      {
        "source__title": "Avengers: Operation HYDRA",
        "source__type": "comic"
      },
      {
        "source__title": "Captain America: Civil War Prelude",
        "source__type": "comic",
        "notes": "mentioned"
      },
      {
        "source__title": "Thor: Ragnarok Prelude",
        "source__type": "comic"
      },
      {
        "source__title": "Avengers: Infinity War Prelude",
        "source__type": "comic",
        "notes": "flashback"
      },
      {
        "source__title": "Captain Marvel Prelude",
        "source__type": "comic",
        "notes": "mentioned"
      },
      {
        "source__title": "Avengers: Endgame Prelude",
        "source__type": "comic"
      },
      {
        "source__title": "Spider-Man: Far From Home Prelude",
        "source__type": "comic",
        "notes": "picture"
      }
    ]
  }
]