[
  {
    "cid": "Anansi",
    "real name": [
      "Paul Mackintosh"
    ],
    "alias": [
      "Anansi",
      "Rude Boy",
      "Tater Tot",
      "The Old Man"
    ],
    "species": [
      "Human"
    ],
    "citizenship": [
      "Jamaican"
    ],
    "gender": [
      "Male"
    ],
    "DOD": [
      "September 3, 2017<ref>''Luke Cage: 2.11: The Creator''</ref><ref>[https://www.bustle.com/p/why-infinity-war-hasnt-changed-any-marvel-netflix-shows-yet-according-to-jeph-loeb-9555046 Why ''Infinity War'' Hasn't Changed Any Marvel Netflix Shows - Yet - According to Jeph Loeb]</ref>"
    ],
    "affiliation": [
      "''Gwen's''"
    ],
    "status": [
      "Deceased"
    ],
    "actor": [
      "Sahr Ngaujah",
      "Desmond Elisha Denis (young)"
    ],
    "appearences": [
      {
        "source__title": "Luke Cage (TV series)",
        "source__type": "tv series",
        "notes": "7 episodes"
      }
    ]
  }
]