[
  {
    "cid": "Fiona",
    "real name": [
      "Fiona"
    ],
    "species": [
      "Human"
    ],
    "citizenship": [
      "American"
    ],
    "gender": [
      "Female"
    ],
    "affiliation": [
      "Fiona's Crew"
    ],
    "status": [
      "Deceased"
    ],
    "DOD": [
      "Spring 2018<ref>''The Punisher: 2.07: One Bad Day''</ref>"
    ],
    "actor": [
      "Judy Malka"
    ],
    "appearences": [
      {
        "source__title": "The Punisher",
        "source__type": "tv series"
      },
      {
        "source__title": "Roadhouse Blues",
        "source__type": "tv series",
        "notes": "mentioned"
      },
      {
        "source__title": "Scar Tissue",
        "source__type": "tv series",
        "notes": "flashback"
      },
      {
        "source__title": "Flustercluck",
        "source__type": "tv series",
        "notes": "mentioned"
      }
    ]
  }
]