[
  {
    "cid": "Chris Adler",
    "real name": "Chris Adler",
    "species": "Artificial Intelligence",
    "citizenship": [
      "American"
    ],
    "gender": "Male",
    "DOD": "2017",
    "affiliation": [
      "Alexander Pierce High School"
    ],
    "actor": "Skyler James",
    "status": "Deleted",
    "appearences": [
      {
        "source__title": "Agents of S.H.I.E.L.D.",
        "source__type": "tv series"
      },
      {
        "source__title": "Self Control",
        "source__type": "tv series"
      },
      {
        "source__title": "What If...",
        "source__type": "tv series"
      },
      {
        "source__title": "No Regrets",
        "source__type": "tv series"
      }
    ]
  }
]