[
  {
    "cid": "Black Bolt",
    "real name": [
      "Blackagar Boltagon"
    ],
    "alias": [
      "Black Bolt",
      "Bolt",
      "Mister Quiet Man",
      "Great White",
      "Our Silent Friend",
      "The Silent One",
      "Freak",
      "The One Who Does Not Speak",
      "The Quiet Guy"
    ],
    "species": [
      "Inhuman"
    ],
    "citizenship": [
      "Attilan"
    ],
    "gender": [
      "Male"
    ],
    "title": [
      "King of the Inhumans"
    ],
    "affiliation": [
      "Inhuman Royal Family"
    ],
    "actor": [
      "Anson Mount",
      "Lofton Shaw (young)"
    ],
    "status": [
      "Alive"
    ],
    "appearences": [
      {
        "source__title": "Inhumans (TV series)",
        "source__type": "tv series",
        "notes": "8 episodes"
      }
    ]
  }
]