[
  {
    "cid": "Anna Nelson",
    "real name": [
      "Anna Nelson"
    ],
    "alias": [
      "Ma"
    ],
    "species": [
      "Human"
    ],
    "citizenship": [
      "American"
    ],
    "gender": [
      "Female"
    ],
    "affiliation": [
      "Nelson's Meats"
    ],
    "actor": [
      "Deirdre O'Connell"
    ],
    "status": [
      "Alive"
    ],
    "appearences": [
      {
        "source__title": "Daredevil (TV series)",
        "source__type": "tv series",
        "notes": "3 episodes"
      }
    ]
  }
]